NU_ANO_CENSO;NO_REGIAO;CO_REGIAO;NO_UF;SG_UF;CO_UF;NO_MUNICIPIO;CO_MUNICIPIO;TP_LOCALIZACAO;TP_LOCALIZACAO_DIFERENCIADA;TP_DEPENDENCIA;NO_ENTIDADE;CO_ENTIDADE;NO_AREA_CURSO_PROFISSIONAL;ID_AREA_CURSO_PROFISSIONAL;NO_CURSO_EDUC_PROFISSIONAL;CO_CURSO_EDUC_PROFISSIONAL;QT_CURSO_TEC;QT_MAT_CURSO_TEC;QT_CURSO_TEC_CT;QT_MAT_CURSO_TEC_CT;QT_CURSO_TEC_NM;QT_MAT_CURSO_TEC_NM;QT_CURSO_TEC_CONC;QT_MAT_CURSO_TEC_CONC;QT_CURSO_TEC_SUBS;QT_MAT_TEC_SUBS;QT_CURSO_TEC_EJA;QT_MAT_TEC_EJA
2024;Sudeste;3;São Paulo;SP;35;Cubatão;3513504;1;0;2;HUMBERTO DE ALENCAR CASTELLO BRANCO MARECHAL;35011423;Gestão e negócios;4;Administração;4050;1;31;1;31;0;0;0;0;0;0;0;0
2024;Sudeste;3;São Paulo;SP;35;Cubatão;3513504;1;0;2;HUMBERTO DE ALENCAR CASTELLO BRANCO MARECHAL;35011423;Gestão e negócios;4;Logística;4056;1;30;1;30;0;0;0;0;0;0;0;0
2024;Sudeste;3;São Paulo;SP;35;Cubatão;3513504;1;0;2;HUMBERTO DE ALENCAR CASTELLO BRANCO MARECHAL;35011423;Gestão e negócios;4;Vendas;4065;1;20;1;20;0;0;0;0;0;0;0;0
2024;Sudeste;3;São Paulo;SP;35;Cubatão;3513504;1;0;2;HUMBERTO DE ALENCAR CASTELLO BRANCO MARECHAL;35011423;Informação e comunicação;6;Desenvolvimento de Sistemas;6082;1;8;1;8;0;0;0;0;0;0;0;0
2024;Sudeste;3;São Paulo;SP;35;Cubatão;3513504;1;0;2;AFONSO SCHIMIDT;35011435;Informação e comunicação;6;Desenvolvimento de Sistemas;6082;1;29;1;29;0;0;0;0;0;0;0;0
2024;Sudeste;3;São Paulo;SP;35;Cubatão;3513504;1;0;2;ZENON CLEANTES DE MOURA PROFESSOR;35011642;Gestão e negócios;4;Logística;4056;1;9;1;9;0;0;0;0;0;0;0;0
2024;Sudeste;3;São Paulo;SP;35;Cubatão;3513504;1;0;2;JOSE DA COSTA PROFESSOR;35011685;Gestão e negócios;4;Administração;4050;1;57;1;57;0;0;0;0;0;0;0;0
2024;Sudeste;3;São Paulo;SP;35;Cubatão;3513504;1;0;2;JOSE DA COSTA PROFESSOR;35011685;Gestão e negócios;4;Logística;4056;1;62;1;62;0;0;0;0;0;0;0;0
2024;Sudeste;3;São Paulo;SP;35;Cubatão;3513504;1;0;2;JOSE DA COSTA PROFESSOR;35011685;Gestão e negócios;4;Vendas;4065;1;75;1;75;0;0;0;0;0;0;0;0
2024;Sudeste;3;São Paulo;SP;35;Cubatão;3513504;1;0;4;HESSEL HORACIO CHERKASSKY ESCOLA SENAI;35148052;Controle e processos industriais;3;Eletroeletrônica;3037;1;70;0;0;0;0;1;11;1;59;0;0
2024;Sudeste;3;São Paulo;SP;35;Cubatão;3513504;1;0;4;HESSEL HORACIO CHERKASSKY ESCOLA SENAI;35148052;Controle e processos industriais;3;Eletromecânica;3038;1;27;0;0;0;0;0;0;1;27;0;0
2024;Sudeste;3;São Paulo;SP;35;Cubatão;3513504;1;0;4;HESSEL HORACIO CHERKASSKY ESCOLA SENAI;35148052;Controle e processos industriais;3;Mecânica;3043;1;34;0;0;0;0;0;0;1;34;0;0
2024;Sudeste;3;São Paulo;SP;35;Cubatão;3513504;1;0;4;HESSEL HORACIO CHERKASSKY ESCOLA SENAI;35148052;Controle e processos industriais;3;Manutenção de Máquinas Industriais;3060;1;68;0;0;0;0;1;26;1;42;0;0
2024;Sudeste;3;São Paulo;SP;35;Cubatão;3513504;1;0;4;FORTEC ESCOLA TECNICA;35175024;Controle e processos industriais;3;Eletrotécnica;3040;1;19;0;0;0;0;0;0;1;19;0;0
2024;Sudeste;3;São Paulo;SP;35;Cubatão;3513504;1;0;4;FORTEC ESCOLA TECNICA;35175024;Controle e processos industriais;3;Mecânica;3043;1;26;0;0;0;0;0;0;1;26;0;0
2024;Sudeste;3;São Paulo;SP;35;Cubatão;3513504;1;0;4;POLITECNICA DE CUBATAO CIEN ESCOLA;35250961;Ambiente e saúde;1;Enfermagem;1006;1;178;0;0;0;0;1;178;0;0;0;0
2024;Sudeste;3;São Paulo;SP;35;Cubatão;3513504;1;0;4;POLITECNICA DE CUBATAO CIEN ESCOLA;35250961;Ambiente e saúde;1;Outros - Eixo Ambiente e Saúde;1999;1;28;0;0;0;0;0;0;1;28;0;0
2024;Sudeste;3;São Paulo;SP;35;Cubatão;3513504;1;0;4;POLITECNICA DE CUBATAO CIEN ESCOLA;35250961;Segurança;13;Segurança do Trabalho;13182;1;66;0;0;0;0;1;66;0;0;0;0
2024;Sudeste;3;São Paulo;SP;35;Cubatão;3513504;1;0;3;IVANILDO REBOUCAS DA SILVA ESCOLA TECNICA DE MUSICA E DANCA;35257000;Produção cultural e design;10;Canto;10132;1;133;0;0;0;0;1;21;1;112;0;0
2024;Sudeste;3;São Paulo;SP;35;Cubatão;3513504;1;0;3;IVANILDO REBOUCAS DA SILVA ESCOLA TECNICA DE MUSICA E DANCA;35257000;Produção cultural e design;10;Dança;10136;1;32;0;0;0;0;1;24;1;8;0;0
2024;Sudeste;3;São Paulo;SP;35;Cubatão;3513504;1;0;3;IVANILDO REBOUCAS DA SILVA ESCOLA TECNICA DE MUSICA E DANCA;35257000;Produção cultural e design;10;Instrumento Musical (nome do instrumento);10144;1;158;0;0;0;0;1;47;1;111;0;0
2024;Sudeste;3;São Paulo;SP;35;Cubatão;3513504;1;0;3;IVANILDO REBOUCAS DA SILVA ESCOLA TECNICA DE MUSICA E DANCA;35257000;Produção cultural e design;10;Regência;10153;1;13;0;0;0;0;1;1;1;12;0;0
2024;Sudeste;3;São Paulo;SP;35;Cubatão;3513504;1;0;2;ETEC DE CUBATAO;35390896;Ambiente e saúde;1;Meio Ambiente;1016;1;166;1;116;0;0;1;17;1;33;0;0
2024;Sudeste;3;São Paulo;SP;35;Cubatão;3513504;1;0;2;ETEC DE CUBATAO;35390896;Gestão e negócios;4;Administração;4050;1;222;1;120;0;0;1;29;1;73;0;0
2024;Sudeste;3;São Paulo;SP;35;Cubatão;3513504;1;0;2;ETEC DE CUBATAO;35390896;Gestão e negócios;4;Contabilidade;4053;1;59;0;0;0;0;1;17;1;42;0;0
2024;Sudeste;3;São Paulo;SP;35;Cubatão;3513504;1;0;2;ETEC DE CUBATAO;35390896;Gestão e negócios;4;Logística;4056;1;217;1;117;0;0;1;22;1;78;0;0
2024;Sudeste;3;São Paulo;SP;35;Cubatão;3513504;1;0;2;ETEC DE CUBATAO;35390896;Gestão e negócios;4;Recursos Humanos;4059;1;39;1;39;0;0;0;0;0;0;0;0
2024;Sudeste;3;São Paulo;SP;35;Cubatão;3513504;1;0;2;ETEC DE CUBATAO;35390896;Informação e comunicação;6;Informática;6073;1;99;1;39;0;0;1;22;1;38;0;0
2024;Sudeste;3;São Paulo;SP;35;Cubatão;3513504;1;0;2;WALDOMIRO MARIANI PROFESSOR;35474873;Gestão e negócios;4;Administração;4050;1;54;1;54;0;0;0;0;0;0;0;0
2024;Sudeste;3;São Paulo;SP;35;Cubatão;3513504;1;0;2;WALDOMIRO MARIANI PROFESSOR;35474873;Gestão e negócios;4;Logística;4056;1;60;1;60;0;0;0;0;0;0;0;0
2024;Sudeste;3;São Paulo;SP;35;Cubatão;3513504;1;0;1;IFSP - CAMPUS CUBATAO;35923242;Controle e processos industriais;3;Automação Industrial;3036;1;109;0;0;0;0;1;13;1;96;0;0
2024;Sudeste;3;São Paulo;SP;35;Cubatão;3513504;1;0;1;IFSP - CAMPUS CUBATAO;35923242;Turismo, hospitalidade e lazer;5;Eventos;5068;1;157;1;157;0;0;0;0;0;0;0;0
2024;Sudeste;3;São Paulo;SP;35;Cubatão;3513504;1;0;1;IFSP - CAMPUS CUBATAO;35923242;Informação e comunicação;6;Informática;6073;1;309;1;309;0;0;0;0;0;0;0;0
