NU_ANO_CENSO;NO_REGIAO;CO_REGIAO;NO_UF;SG_UF;CO_UF;NO_MUNICIPIO;CO_MUNICIPIO;NO_REGIAO_GEOG_INTERM;CO_REGIAO_GEOG_INTERM;NO_REGIAO_GEOG_IMED;CO_REGIAO_GEOG_IMED;NO_DISTRITO;CO_DISTRITO;NO_SUBDISTRITO;CO_SUBDISTRITO;NO_ENTIDADE;CO_ENTIDADE;CO_REDE;TP_DEPENDENCIA;TP_CATEGORIA_ESCOLA_PRIVADA;TP_LOCALIZACAO;TP_LOCALIZACAO_DIFERENCIADA;IN_PODER_PUBLICO_PARCERIA;TP_PODER_PUBLICO_PARCERIA;QT_MAT_BAS;QT_MAT_INF;QT_MAT_INF_CRE;QT_MAT_INF_PRE;QT_MAT_FUND;QT_MAT_FUND_AI;QT_MAT_FUND_AI_1;QT_MAT_FUND_AI_2;QT_MAT_FUND_AI_3;QT_MAT_FUND_AI_4;QT_MAT_FUND_AI_5;QT_MAT_FUND_AF;QT_MAT_FUND_AF_6;QT_MAT_FUND_AF_7;QT_MAT_FUND_AF_8;QT_MAT_FUND_AF_9;QT_MAT_MED;QT_MAT_MED_1;QT_MAT_MED_2;QT_MAT_MED_3;QT_MAT_MED_4;QT_MAT_MED_NS;QT_MAT_MED_PROP;QT_MAT_MED_PROP_1;QT_MAT_MED_PROP_2;QT_MAT_MED_PROP_3;QT_MAT_MED_PROP_4;QT_MAT_MED_PROP_NS;QT_MAT_MED_IFTP_CT;QT_MAT_MED_IFTP_CT_MT;QT_MAT_MED_IFTP_CT_OTME;QT_MAT_MED_IFTP_CT_OE;QT_MAT_MED_IFTP_CT_1;QT_MAT_MED_IFTP_CT_2;QT_MAT_MED_IFTP_CT_3;QT_MAT_MED_IFTP_CT_4;QT_MAT_MED_IFTP_CT_NS;QT_MAT_MED_IFTP_QP;QT_MAT_MED_IFTP_QP_MT;QT_MAT_MED_IFTP_QP_OTME;QT_MAT_MED_IFTP_QP_OE;QT_MAT_MED_IFTP_QP_1;QT_MAT_MED_IFTP_QP_2;QT_MAT_MED_IFTP_QP_3;QT_MAT_MED_IFTP_QP_4;QT_MAT_MED_IFTP_QP_NS;QT_MAT_MED_NM;QT_MAT_MED_NM_1;QT_MAT_MED_NM_2;QT_MAT_MED_NM_3;QT_MAT_MED_NM_4;QT_MAT_MED_IFA;QT_MAT_MED_IFA_LING;QT_MAT_MED_IFA_LING_MT;QT_MAT_MED_IFA_LING_OTME;QT_MAT_MED_IFA_LING_OE;QT_MAT_MED_IFA_MATE;QT_MAT_MED_IFA_MATE_MT;QT_MAT_MED_IFA_MATE_OTME;QT_MAT_MED_IFA_MATE_OE;QT_MAT_MED_IFA_CIENC;QT_MAT_MED_IFA_CIENC_MT;QT_MAT_MED_IFA_CIENC_OTME;QT_MAT_MED_IFA_CIENC_OE;QT_MAT_MED_IFA_HUMA;QT_MAT_MED_IFA_HUMA_MT;QT_MAT_MED_IFA_HUMA_OTME;QT_MAT_MED_IFA_HUMA_OE;QT_MAT_PROF;QT_MAT_PROF_TEC;QT_MAT_PROF_TEC_CONC;QT_MAT_PROF_TEC_SUBS;QT_MAT_PROF_TEC_IFTP_CT;QT_MAT_PROF_NAO_TEC;QT_MAT_PROF_IFTP_QP;QT_MAT_PROF_FIC_CONC;QT_MAT_EJA;QT_MAT_EJA_FUND;QT_MAT_EJA_FUND_NPROF;QT_MAT_EJA_FUND_AI;QT_MAT_EJA_FUND_AF;QT_MAT_EJA_FUND_FIC;QT_MAT_EJA_MED;QT_MAT_EJA_MED_NPROF;QT_MAT_EJA_MED_FIC;QT_MAT_EJA_MED_TEC;QT_MAT_ESP;QT_MAT_ESP_INF;QT_MAT_ESP_INF_CRE;QT_MAT_ESP_INF_PRE;QT_MAT_ESP_FUND;QT_MAT_ESP_FUND_AI;QT_MAT_ESP_FUND_AF;QT_MAT_ESP_MED;QT_MAT_ESP_PROF;QT_MAT_ESP_PROF_TEC;QT_MAT_ESP_EJA;QT_MAT_ESP_EJA_FUND;QT_MAT_ESP_EJA_MED;QT_MAT_ESP_CC;QT_MAT_ESP_CC_INF;QT_MAT_ESP_CC_INF_CRE;QT_MAT_ESP_CC_INF_PRE;QT_MAT_ESP_CC_FUND;QT_MAT_ESP_CC_FUND_AI;QT_MAT_ESP_CC_FUND_AF;QT_MAT_ESP_CC_MED;QT_MAT_ESP_CC_PROF;QT_MAT_ESP_CC_PROF_TEC;QT_MAT_ESP_CC_EJA;QT_MAT_ESP_CC_EJA_FUND;QT_MAT_ESP_CC_EJA_MED;QT_MAT_ESP_CE;QT_MAT_ESP_CE_INF;QT_MAT_ESP_CE_INF_CRE;QT_MAT_ESP_CE_INF_PRE;QT_MAT_ESP_CE_FUND;QT_MAT_ESP_CE_FUND_AI;QT_MAT_ESP_CE_FUND_AF;QT_MAT_ESP_CE_MED;QT_MAT_ESP_CE_PROF;QT_MAT_ESP_CE_PROF_TEC;QT_MAT_ESP_CE_EJA;QT_MAT_ESP_CE_EJA_FUND;QT_MAT_ESP_CE_EJA_MED;QT_MAT_BAS_FEM;QT_MAT_BAS_MASC;QT_MAT_BAS_ND;QT_MAT_BAS_BRANCA;QT_MAT_BAS_PRETA;QT_MAT_BAS_PARDA;QT_MAT_BAS_AMARELA;QT_MAT_BAS_INDIGENA;QT_MAT_BAS_0_3;QT_MAT_BAS_4_5;QT_MAT_BAS_6_10;QT_MAT_BAS_11_14;QT_MAT_BAS_15_17;QT_MAT_BAS_18_MAIS;QT_MAT_BAS_0_3_REF_31_03;QT_MAT_BAS_4_5_REF_31_03;QT_MAT_BAS_6_10_REF_31_03;QT_MAT_BAS_11_14_REF_31_03;QT_MAT_BAS_15_17_REF_31_03;QT_MAT_BAS_18_MAIS_REF_31_03;QT_MAT_BAS_D;QT_MAT_BAS_DM;QT_MAT_BAS_DV;QT_MAT_BAS_N;QT_MAT_BAS_EAD;QT_MAT_INF_CRE_D;QT_MAT_INF_CRE_DM;QT_MAT_INF_CRE_DV;QT_MAT_INF_CRE_N;QT_MAT_INF_PRE_D;QT_MAT_INF_PRE_DM;QT_MAT_INF_PRE_DV;QT_MAT_INF_PRE_N;QT_MAT_FUND_D;QT_MAT_FUND_DM;QT_MAT_FUND_DV;QT_MAT_FUND_N;QT_MAT_FUND_AI_D;QT_MAT_FUND_AI_DM;QT_MAT_FUND_AI_DV;QT_MAT_FUND_AI_N;QT_MAT_FUND_AF_D;QT_MAT_FUND_AF_DM;QT_MAT_FUND_AF_DV;QT_MAT_FUND_AF_N;QT_MAT_MED_D;QT_MAT_MED_DM;QT_MAT_MED_DV;QT_MAT_MED_N;QT_MAT_MED_EAD;QT_MAT_PROF_D;QT_MAT_PROF_DM;QT_MAT_PROF_DV;QT_MAT_PROF_N;QT_MAT_PROF_EAD;QT_MAT_PROF_TEC_D;QT_MAT_PROF_TEC_DM;QT_MAT_PROF_TEC_DV;QT_MAT_PROF_TEC_N;QT_MAT_PROF_TEC_EAD;QT_MAT_EJA_D;QT_MAT_EJA_DM;QT_MAT_EJA_DV;QT_MAT_EJA_N;QT_MAT_EJA_EAD;QT_MAT_EJA_FUND_D;QT_MAT_EJA_FUND_DM;QT_MAT_EJA_FUND_DV;QT_MAT_EJA_FUND_N;QT_MAT_EJA_FUND_EAD;QT_MAT_EJA_MED_D;QT_MAT_EJA_MED_DM;QT_MAT_EJA_MED_DV;QT_MAT_EJA_MED_N;QT_MAT_EJA_MED_EAD;QT_MAT_ESP_D;QT_MAT_ESP_DM;QT_MAT_ESP_DV;QT_MAT_ESP_N;QT_MAT_ESP_EAD;QT_MAT_ESP_CC_D;QT_MAT_ESP_CC_DM;QT_MAT_ESP_CC_DV;QT_MAT_ESP_CC_N;QT_MAT_ESP_CC_EAD;QT_MAT_ESP_CE_D;QT_MAT_ESP_CE_DM;QT_MAT_ESP_CE_DV;QT_MAT_ESP_CE_N;QT_MAT_ESP_CE_EAD;QT_MAT_BAS_INT;QT_MAT_INF_INT;QT_MAT_INF_CRE_INT;QT_MAT_INF_PRE_INT;QT_MAT_FUND_INT;QT_MAT_FUND_AI_INT;QT_MAT_FUND_AF_INT;QT_MAT_MED_INT;QT_MAT_PROF_INT;QT_MAT_PROF_TEC_INT;QT_MAT_EJA_INT;QT_MAT_EJA_FUND_INT;QT_MAT_EJA_MED_INT;QT_MAT_ESP_INT;QT_MAT_ESP_CC_INT;QT_MAT_ESP_CE_INT;QT_MAT_BAS_LIBRAS;QT_MAT_ZR_URB;QT_MAT_ZR_RUR;QT_MAT_ZR_NA;QT_TRANSP_PUBLICO;QT_TRANSP_RESP_EST;QT_TRANSP_RESP_MUN
2025;Sudeste;3;São Paulo;SP;35;Cubatão;3513504;São Paulo;3501;Santos;350002;Cubatão;351350405;;;CENTRO EDUCACIONAL OBJETIVO CUBATAO;35005363;2;4;1;1;0;0;;199;0;0;0;160;68;9;12;13;13;21;92;25;22;24;21;39;19;11;9;0;0;39;19;11;9;0;0;0;0;0;0;0;0;0;0;0;0;0;0;0;0;0;0;0;0;0;0;0;0;0;39;19;19;0;0;11;11;0;0;39;39;0;0;0;0;0;0;0;0;0;0;0;0;0;0;0;0;0;0;0;0;0;0;0;0;3;0;0;0;2;1;1;1;0;0;0;0;0;3;0;0;0;2;1;1;1;0;0;0;0;0;0;0;0;0;0;0;0;0;0;0;0;0;0;92;107;44;101;3;50;1;0;0;0;65;92;42;0;0;0;69;93;37;0;199;131;68;0;0;0;0;0;0;0;0;0;0;160;92;68;0;68;0;68;0;92;92;0;0;39;39;0;0;0;0;0;0;0;0;0;0;0;0;0;0;0;0;0;0;0;0;0;0;0;0;0;0;0;0;3;2;1;0;0;3;2;1;0;0;0;0;0;0;0;15;0;0;0;15;7;8;0;0;0;0;0;0;0;0;0;0;193;6;0;0;0;0
2025;Sudeste;3;São Paulo;SP;35;Cubatão;3513504;São Paulo;3501;Santos;350002;Cubatão;351350405;;;V N COSTA NUCLEO DE EDUCACAO INFANTIL;35005609;2;4;1;1;0;1;1;57;57;57;0;0;0;0;0;0;0;0;0;0;0;0;0;0;0;0;0;0;0;0;0;0;0;0;0;0;0;0;0;0;0;0;0;0;0;0;0;0;0;0;0;0;0;0;0;0;0;0;0;0;0;0;0;0;0;0;0;0;0;0;0;0;0;0;0;0;0;0;0;0;0;0;0;0;0;0;0;0;0;0;0;0;0;1;1;1;0;0;0;0;0;0;0;0;0;0;1;1;1;0;0;0;0;0;0;0;0;0;0;0;0;0;0;0;0;0;0;0;0;0;0;0;26;31;27;21;0;9;0;0;54;3;0;0;0;0;57;0;0;0;0;0;57;7;50;0;0;57;7;50;0;0;0;0;0;0;0;0;0;0;0;0;0;0;0;0;0;0;0;0;0;0;0;0;0;0;0;0;0;0;0;0;0;0;0;0;0;0;0;0;0;0;0;0;0;0;0;1;0;1;0;0;1;0;1;0;0;0;0;0;0;0;37;37;37;0;0;0;0;0;0;0;0;0;0;1;1;0;0;56;1;0;0;0;0
2025;Sudeste;3;São Paulo;SP;35;Cubatão;3513504;São Paulo;3501;Santos;350002;Cubatão;351350405;;;COLEGIO CRERSER EDUCACAO INFANTIL;35006532;2;4;3;1;0;0;;65;57;25;32;8;8;8;0;0;0;0;0;0;0;0;0;0;0;0;0;0;0;0;0;0;0;0;0;0;0;0;0;0;0;0;0;0;0;0;0;0;0;0;0;0;0;0;0;0;0;0;0;0;0;0;0;0;0;0;0;0;0;0;0;0;0;0;0;0;0;0;0;0;0;0;0;0;0;0;0;0;0;0;0;0;0;1;1;0;1;0;0;0;0;0;0;0;0;0;1;1;0;1;0;0;0;0;0;0;0;0;0;0;0;0;0;0;0;0;0;0;0;0;0;0;30;35;51;7;2;4;1;0;22;33;10;0;0;0;26;34;5;0;0;0;65;16;49;0;0;25;0;25;0;32;8;24;0;8;8;0;0;8;8;0;0;0;0;0;0;0;0;0;0;0;0;0;0;0;0;0;0;0;0;0;0;0;0;0;0;0;0;0;0;0;0;0;0;0;0;1;1;0;0;0;1;1;0;0;0;0;0;0;0;0;0;0;0;0;0;0;0;0;0;0;0;0;0;0;0;0;0;64;1;0;0;0;0
2025;Sudeste;3;São Paulo;SP;35;Cubatão;3513504;São Paulo;3501;Santos;350002;Cubatão;351350405;;;CRER SER CHRISTIAN BILINGUAL SCHOOL LTDA;35007846;2;4;1;1;0;0;;152;0;0;0;152;105;15;29;22;31;8;47;24;9;6;8;0;0;0;0;0;0;0;0;0;0;0;0;0;0;0;0;0;0;0;0;0;0;0;0;0;0;0;0;0;0;0;0;0;0;0;0;0;0;0;0;0;0;0;0;0;0;0;0;0;0;0;0;0;0;0;0;0;0;0;0;0;0;0;0;0;0;0;0;0;0;7;0;0;0;7;5;2;0;0;0;0;0;0;7;0;0;0;7;5;2;0;0;0;0;0;0;0;0;0;0;0;0;0;0;0;0;0;0;0;82;70;41;66;3;42;0;0;0;1;103;48;0;0;0;2;107;43;0;0;152;63;89;0;0;0;0;0;0;0;0;0;0;152;63;89;0;105;25;80;0;47;38;9;0;0;0;0;0;0;0;0;0;0;0;0;0;0;0;0;0;0;0;0;0;0;0;0;0;0;0;0;0;0;0;7;1;6;0;0;7;1;6;0;0;0;0;0;0;0;2;0;0;0;2;0;2;0;0;0;0;0;0;0;0;0;0;151;1;0;0;0;0
2025;Sudeste;3;São Paulo;SP;35;Cubatão;3513504;São Paulo;3501;Santos;350002;Cubatão;351350405;;;MARTA JOSETE RAMOS IMPALEA PROFA CEU UNIDADE III;35010151;1;3;;1;0;0;;212;0;0;0;212;212;53;75;30;30;24;0;0;0;0;0;0;0;0;0;0;0;0;0;0;0;0;0;0;0;0;0;0;0;0;0;0;0;0;0;0;0;0;0;0;0;0;0;0;0;0;0;0;0;0;0;0;0;0;0;0;0;0;0;0;0;0;0;0;0;0;0;0;0;0;0;0;0;0;0;0;0;0;0;0;0;14;0;0;0;14;14;0;0;0;0;0;0;0;14;0;0;0;14;14;0;0;0;0;0;0;0;0;0;0;0;0;0;0;0;0;0;0;0;0;113;99;51;67;14;79;1;0;0;0;202;10;0;0;0;0;208;4;0;0;212;0;212;0;0;0;0;0;0;0;0;0;0;212;0;212;0;212;0;212;0;0;0;0;0;0;0;0;0;0;0;0;0;0;0;0;0;0;0;0;0;0;0;0;0;0;0;0;0;0;0;0;0;0;0;14;0;14;0;0;14;0;14;0;0;0;0;0;0;0;212;0;0;0;212;212;0;0;0;0;0;0;0;14;14;0;0;212;0;0;0;0;0
2025;Sudeste;3;São Paulo;SP;35;Cubatão;3513504;São Paulo;3501;Santos;350002;Cubatão;351350405;;;COMPLEXO EDUCACIONAL GERALDO CARDOSO GUEDES EDUCACAO INFANTIL;35010727;1;3;;1;0;0;;213;213;89;124;0;0;0;0;0;0;0;0;0;0;0;0;0;0;0;0;0;0;0;0;0;0;0;0;0;0;0;0;0;0;0;0;0;0;0;0;0;0;0;0;0;0;0;0;0;0;0;0;0;0;0;0;0;0;0;0;0;0;0;0;0;0;0;0;0;0;0;0;0;0;0;0;0;0;0;0;0;0;0;0;0;0;11;11;3;8;0;0;0;0;0;0;0;0;0;11;11;3;8;0;0;0;0;0;0;0;0;0;0;0;0;0;0;0;0;0;0;0;0;0;0;100;113;34;88;11;80;0;0;79;123;11;0;0;0;89;124;0;0;0;0;213;21;192;0;0;89;0;89;0;124;21;103;0;0;0;0;0;0;0;0;0;0;0;0;0;0;0;0;0;0;0;0;0;0;0;0;0;0;0;0;0;0;0;0;0;0;0;0;0;0;0;0;0;0;0;11;1;10;0;0;11;1;10;0;0;0;0;0;0;0;187;187;89;98;0;0;0;0;0;0;0;0;0;10;10;0;0;212;1;0;0;0;0
2025;Sudeste;3;São Paulo;SP;35;Cubatão;3513504;São Paulo;3501;Santos;350002;Cubatão;351350405;;;COMPLEXO EDUCACIONAL GERALDO CARDOSO GUEDES ENSINO FUNDAMENTAL;35010730;1;3;;1;0;0;;236;0;0;0;236;236;77;46;49;41;23;0;0;0;0;0;0;0;0;0;0;0;0;0;0;0;0;0;0;0;0;0;0;0;0;0;0;0;0;0;0;0;0;0;0;0;0;0;0;0;0;0;0;0;0;0;0;0;0;0;0;0;0;0;0;0;0;0;0;0;0;0;0;0;0;0;0;0;0;0;0;0;0;0;0;0;28;0;0;0;28;28;0;0;0;0;0;0;0;28;0;0;0;28;28;0;0;0;0;0;0;0;0;0;0;0;0;0;0;0;0;0;0;0;0;108;128;35;85;3;113;0;0;0;0;221;15;0;0;0;0;228;8;0;0;236;0;236;0;0;0;0;0;0;0;0;0;0;236;0;236;0;236;0;236;0;0;0;0;0;0;0;0;0;0;0;0;0;0;0;0;0;0;0;0;0;0;0;0;0;0;0;0;0;0;0;0;0;0;0;28;0;28;0;0;28;0;28;0;0;0;0;0;0;0;236;0;0;0;236;236;0;0;0;0;0;0;0;28;28;0;0;236;0;0;0;0;0
2025;Sudeste;3;São Paulo;SP;35;Cubatão;3513504;São Paulo;3501;Santos;350002;Cubatão;351350405;;;HUMBERTO DE ALENCAR CASTELLO BRANCO MARECHAL;35011423;1;2;;1;0;0;;1166;0;0;0;402;0;0;0;0;0;0;402;104;100;90;108;678;255;250;173;0;0;497;255;130;112;0;0;181;181;0;0;0;120;61;0;0;0;0;0;0;0;0;0;0;0;0;0;0;0;0;242;242;242;0;0;242;242;0;0;186;186;0;0;0;0;0;0;181;181;0;0;0;0;0;0;86;0;0;0;0;0;86;86;0;0;50;0;0;0;20;0;20;29;7;7;1;0;1;50;0;0;0;20;0;20;29;7;7;1;0;1;0;0;0;0;0;0;0;0;0;0;0;0;0;617;549;198;498;25;439;5;1;0;0;0;355;668;143;0;0;1;379;679;107;918;516;402;248;0;0;0;0;0;0;0;0;0;402;0;402;0;0;0;0;0;402;0;402;0;516;516;0;162;0;181;181;0;0;0;181;181;0;0;0;0;0;0;86;0;0;0;0;0;0;0;0;0;86;0;46;26;20;4;0;46;26;20;4;0;0;0;0;0;0;0;0;0;0;0;0;0;0;0;0;0;0;0;0;0;0;0;1155;11;0;70;67;3
2025;Sudeste;3;São Paulo;SP;35;Cubatão;3513504;São Paulo;3501;Santos;350002;Cubatão;351350405;;;AFONSO SCHIMIDT;35011435;1;2;;1;0;0;;240;0;0;0;92;0;0;0;0;0;0;92;0;18;47;27;148;60;42;46;0;0;67;60;4;3;0;0;81;81;0;0;0;38;43;0;0;0;0;0;0;0;0;0;0;0;0;0;0;0;0;7;7;7;0;0;7;7;0;0;4;4;0;0;0;0;0;0;81;81;0;0;0;0;0;0;0;0;0;0;0;0;0;0;0;0;22;0;0;0;7;0;7;15;4;4;0;0;0;19;0;0;0;7;0;7;12;4;4;0;0;0;3;0;0;0;0;0;0;3;0;0;0;0;0;116;124;34;109;9;87;1;0;0;0;0;82;146;12;0;0;0;88;146;6;240;240;0;0;0;0;0;0;0;0;0;0;0;92;92;0;0;0;0;0;0;92;92;0;0;148;148;0;0;0;81;81;0;0;0;81;81;0;0;0;0;0;0;0;0;0;0;0;0;0;0;0;0;0;0;22;22;0;0;0;19;19;0;0;0;3;3;0;0;0;240;0;0;0;92;0;92;148;81;81;0;0;0;22;19;3;0;237;3;0;122;110;12
2025;Sudeste;3;São Paulo;SP;35;Cubatão;3513504;São Paulo;3501;Santos;350002;Cubatão;351350405;;;JULIO CONCEICAO;35011629;1;2;;1;0;0;;214;0;0;0;214;0;0;0;0;0;0;214;69;58;47;40;0;0;0;0;0;0;0;0;0;0;0;0;0;0;0;0;0;0;0;0;0;0;0;0;0;0;0;0;0;0;0;0;0;0;0;0;0;0;0;0;0;0;0;0;0;0;0;0;0;0;0;0;0;0;0;0;0;0;0;0;0;0;0;0;0;0;0;0;0;0;3;0;0;0;3;0;3;0;0;0;0;0;0;3;0;0;0;3;0;3;0;0;0;0;0;0;0;0;0;0;0;0;0;0;0;0;0;0;0;101;113;5;73;15;116;4;1;0;0;0;203;11;0;0;0;1;208;5;0;214;214;0;0;0;0;0;0;0;0;0;0;0;214;214;0;0;0;0;0;0;214;214;0;0;0;0;0;0;0;0;0;0;0;0;0;0;0;0;0;0;0;0;0;0;0;0;0;0;0;0;0;0;0;0;3;3;0;0;0;3;3;0;0;0;0;0;0;0;0;214;0;0;0;214;0;214;0;0;0;0;0;0;3;3;0;0;213;1;0;110;109;1
2025;Sudeste;3;São Paulo;SP;35;Cubatão;3513504;São Paulo;3501;Santos;350002;Cubatão;351350405;;;LINCOLN FELICIANO;35011630;1;2;;1;0;0;;424;0;0;0;424;0;0;0;0;0;0;424;68;141;106;109;0;0;0;0;0;0;0;0;0;0;0;0;0;0;0;0;0;0;0;0;0;0;0;0;0;0;0;0;0;0;0;0;0;0;0;0;0;0;0;0;0;0;0;0;0;0;0;0;0;0;0;0;0;0;0;0;0;0;0;0;0;0;0;0;0;0;0;0;0;0;31;0;0;0;31;0;31;0;0;0;0;0;0;31;0;0;0;31;0;31;0;0;0;0;0;0;0;0;0;0;0;0;0;0;0;0;0;0;0;207;217;61;215;4;144;0;0;0;0;2;400;22;0;0;0;3;416;5;0;424;215;209;0;0;0;0;0;0;0;0;0;0;424;215;209;0;0;0;0;0;424;215;209;0;0;0;0;0;0;0;0;0;0;0;0;0;0;0;0;0;0;0;0;0;0;0;0;0;0;0;0;0;0;0;31;12;19;0;0;31;12;19;0;0;0;0;0;0;0;38;0;0;0;38;0;38;0;0;0;0;0;0;3;3;0;0;422;2;0;1;1;0
2025;Sudeste;3;São Paulo;SP;35;Cubatão;3513504;São Paulo;3501;Santos;350002;Cubatão;351350405;;;ZENON CLEANTES DE MOURA PROFESSOR;35011642;1;2;;1;0;0;;183;0;0;0;103;0;0;0;0;0;0;103;16;21;31;35;80;23;34;23;0;0;32;23;5;4;0;0;48;48;0;0;0;29;19;0;0;0;0;0;0;0;0;0;0;0;0;0;0;0;0;9;9;9;0;0;9;9;0;0;5;5;0;0;0;0;0;0;48;48;0;0;0;0;0;0;0;0;0;0;0;0;0;0;0;0;15;0;0;0;6;0;6;9;3;3;0;0;0;15;0;0;0;6;0;6;9;3;3;0;0;0;0;0;0;0;0;0;0;0;0;0;0;0;0;79;104;15;77;5;86;0;0;0;0;0;90;84;9;0;0;0;93;84;6;183;0;183;0;0;0;0;0;0;0;0;0;0;103;0;103;0;0;0;0;0;103;0;103;0;80;0;80;0;0;48;0;48;0;0;48;0;48;0;0;0;0;0;0;0;0;0;0;0;0;0;0;0;0;0;15;0;15;0;0;15;0;15;0;0;0;0;0;0;0;183;0;0;0;103;0;103;80;48;48;0;0;0;15;15;0;0;182;1;0;50;50;0
2025;Sudeste;3;São Paulo;SP;35;Cubatão;3513504;São Paulo;3501;Santos;350002;Cubatão;351350405;;;JOSE DA COSTA PROFESSOR;35011685;1;2;;1;0;0;;1080;0;0;0;0;0;0;0;0;0;0;0;0;0;0;0;1007;335;372;300;0;0;751;335;188;228;0;0;256;256;0;0;0;184;72;0;0;0;0;0;0;0;0;0;0;0;0;0;0;0;0;416;416;416;0;0;416;416;0;0;311;311;0;0;0;0;0;0;256;256;0;0;0;0;0;0;73;0;0;0;0;0;73;73;0;0;45;0;0;0;0;0;0;44;15;15;1;0;1;45;0;0;0;0;0;0;44;15;15;1;0;1;0;0;0;0;0;0;0;0;0;0;0;0;0;518;562;158;429;33;457;3;0;0;0;0;1;892;187;0;0;0;2;945;133;712;489;223;368;0;0;0;0;0;0;0;0;0;0;0;0;0;0;0;0;0;0;0;0;0;712;489;223;295;0;256;256;0;0;0;256;256;0;0;0;0;0;0;73;0;0;0;0;0;0;0;0;0;73;0;41;27;14;4;0;41;27;14;4;0;0;0;0;0;0;0;0;0;0;0;0;0;0;0;0;0;0;0;0;0;0;0;1071;9;0;354;352;2
2025;Sudeste;3;São Paulo;SP;35;Cubatão;3513504;São Paulo;3501;Santos;350002;Cubatão;351350405;;;MARIA HELENA DUARTE CAETANO PROFESSORA;35011691;1;2;;1;0;0;;231;0;0;0;180;87;13;20;20;18;16;93;24;18;22;29;51;19;15;17;0;0;51;19;15;17;0;0;0;0;0;0;0;0;0;0;0;0;0;0;0;0;0;0;0;0;0;0;0;0;0;32;32;32;0;0;32;32;0;0;15;15;0;0;0;0;0;0;0;0;0;0;0;0;0;0;0;0;0;0;0;0;0;0;0;0;17;0;0;0;13;7;6;4;0;0;0;0;0;17;0;0;0;13;7;6;4;0;0;0;0;0;0;0;0;0;0;0;0;0;0;0;0;0;0;106;125;3;109;3;116;0;0;0;0;80;92;46;13;0;0;85;93;46;7;231;144;87;0;0;0;0;0;0;0;0;0;0;180;93;87;0;87;0;87;0;93;93;0;0;51;51;0;0;0;0;0;0;0;0;0;0;0;0;0;0;0;0;0;0;0;0;0;0;0;0;0;0;0;0;17;10;7;0;0;17;10;7;0;0;0;0;0;0;0;1;0;0;0;1;0;1;0;0;0;0;0;0;0;0;0;0;229;2;0;0;0;0
2025;Sudeste;3;São Paulo;SP;35;Cubatão;3513504;São Paulo;3501;Santos;350002;Cubatão;351350405;;;ARY DE OLIVEIRA GARCIA PROFESSOR;35047818;1;2;;1;0;0;;679;0;0;0;0;0;0;0;0;0;0;0;0;0;0;0;679;227;203;249;0;0;679;227;203;249;0;0;0;0;0;0;0;0;0;0;0;0;0;0;0;0;0;0;0;0;0;0;0;0;0;452;452;452;0;0;452;452;0;0;278;278;0;0;0;0;0;0;0;0;0;0;0;0;0;0;0;0;0;0;0;0;0;0;0;0;42;0;0;0;0;0;0;42;0;0;0;0;0;42;0;0;0;0;0;0;42;0;0;0;0;0;0;0;0;0;0;0;0;0;0;0;0;0;0;345;334;128;324;11;213;3;0;0;0;0;2;599;78;0;0;0;7;631;41;604;387;217;75;0;0;0;0;0;0;0;0;0;0;0;0;0;0;0;0;0;0;0;0;0;604;387;217;75;0;0;0;0;0;0;0;0;0;0;0;0;0;0;0;0;0;0;0;0;0;0;0;0;0;0;41;22;19;1;0;41;22;19;1;0;0;0;0;0;0;0;0;0;0;0;0;0;0;0;0;0;0;0;0;0;0;0;672;7;0;147;132;15
2025;Sudeste;3;São Paulo;SP;35;Cubatão;3513504;São Paulo;3501;Santos;350002;Cubatão;351350405;;;ESTADO DA BAHIA UNIDADE MUNICIPAL DE ENSINO;35055773;1;3;;1;0;0;;236;236;0;236;0;0;0;0;0;0;0;0;0;0;0;0;0;0;0;0;0;0;0;0;0;0;0;0;0;0;0;0;0;0;0;0;0;0;0;0;0;0;0;0;0;0;0;0;0;0;0;0;0;0;0;0;0;0;0;0;0;0;0;0;0;0;0;0;0;0;0;0;0;0;0;0;0;0;0;0;0;0;0;0;0;0;24;24;0;24;0;0;0;0;0;0;0;0;0;24;24;0;24;0;0;0;0;0;0;0;0;0;0;0;0;0;0;0;0;0;0;0;0;0;0;121;115;46;78;10;100;2;0;0;216;20;0;0;0;1;235;0;0;0;0;236;111;125;0;0;0;0;0;0;236;111;125;0;0;0;0;0;0;0;0;0;0;0;0;0;0;0;0;0;0;0;0;0;0;0;0;0;0;0;0;0;0;0;0;0;0;0;0;0;0;0;0;0;0;0;24;11;13;0;0;24;11;13;0;0;0;0;0;0;0;24;24;0;24;0;0;0;0;0;0;0;0;0;24;24;0;0;236;0;0;0;0;0
2025;Sudeste;3;São Paulo;SP;35;Cubatão;3513504;São Paulo;3501;Santos;350002;Cubatão;351350405;;;ESTADO DE SAO PAULO UNIDADE MUNICIPAL DE ENSINO;35055785;1;3;;1;0;0;;229;229;0;229;0;0;0;0;0;0;0;0;0;0;0;0;0;0;0;0;0;0;0;0;0;0;0;0;0;0;0;0;0;0;0;0;0;0;0;0;0;0;0;0;0;0;0;0;0;0;0;0;0;0;0;0;0;0;0;0;0;0;0;0;0;0;0;0;0;0;0;0;0;0;0;0;0;0;0;0;0;0;0;0;0;0;29;29;0;29;0;0;0;0;0;0;0;0;0;20;20;0;20;0;0;0;0;0;0;0;0;0;9;9;0;9;0;0;0;0;0;0;0;0;0;107;122;27;98;8;95;0;1;0;212;17;0;0;0;1;228;0;0;0;0;229;58;171;0;0;0;0;0;0;229;58;171;0;0;0;0;0;0;0;0;0;0;0;0;0;0;0;0;0;0;0;0;0;0;0;0;0;0;0;0;0;0;0;0;0;0;0;0;0;0;0;0;0;0;0;29;11;18;0;0;20;5;15;0;0;9;6;3;0;0;97;97;0;97;0;0;0;0;0;0;0;0;0;9;9;0;0;223;6;0;3;0;3
2025;Sudeste;3;São Paulo;SP;35;Cubatão;3513504;São Paulo;3501;Santos;350002;Cubatão;351350405;;;ESTADO DO CEARA UNIDADE MUNICIPAL DE ENSINO;35055797;1;3;;1;0;0;;175;0;0;0;175;175;44;60;71;0;0;0;0;0;0;0;0;0;0;0;0;0;0;0;0;0;0;0;0;0;0;0;0;0;0;0;0;0;0;0;0;0;0;0;0;0;0;0;0;0;0;0;0;0;0;0;0;0;0;0;0;0;0;0;0;0;0;0;0;0;0;0;0;0;0;0;0;0;0;0;0;0;0;0;0;0;19;0;0;0;19;19;0;0;0;0;0;0;0;19;0;0;0;19;19;0;0;0;0;0;0;0;0;0;0;0;0;0;0;0;0;0;0;0;0;91;84;38;81;2;54;0;0;0;0;175;0;0;0;0;0;175;0;0;0;175;76;99;0;0;0;0;0;0;0;0;0;0;175;76;99;0;175;76;99;0;0;0;0;0;0;0;0;0;0;0;0;0;0;0;0;0;0;0;0;0;0;0;0;0;0;0;0;0;0;0;0;0;0;0;19;6;13;0;0;19;6;13;0;0;0;0;0;0;0;16;0;0;0;16;16;0;0;0;0;0;0;0;16;16;0;0;175;0;0;0;0;0
2025;Sudeste;3;São Paulo;SP;35;Cubatão;3513504;São Paulo;3501;Santos;350002;Cubatão;351350405;;;ESTADO DO AMAZONAS UNIDADE MUNICIPAL DE ENSINO;35055815;1;3;;1;0;0;;109;109;0;109;0;0;0;0;0;0;0;0;0;0;0;0;0;0;0;0;0;0;0;0;0;0;0;0;0;0;0;0;0;0;0;0;0;0;0;0;0;0;0;0;0;0;0;0;0;0;0;0;0;0;0;0;0;0;0;0;0;0;0;0;0;0;0;0;0;0;0;0;0;0;0;0;0;0;0;0;0;0;0;0;0;0;9;9;0;9;0;0;0;0;0;0;0;0;0;9;9;0;9;0;0;0;0;0;0;0;0;0;0;0;0;0;0;0;0;0;0;0;0;0;0;54;55;17;52;5;35;0;0;0;98;11;0;0;0;0;109;0;0;0;0;109;0;109;0;0;0;0;0;0;109;0;109;0;0;0;0;0;0;0;0;0;0;0;0;0;0;0;0;0;0;0;0;0;0;0;0;0;0;0;0;0;0;0;0;0;0;0;0;0;0;0;0;0;0;0;9;0;9;0;0;9;0;9;0;0;0;0;0;0;0;109;109;0;109;0;0;0;0;0;0;0;0;0;9;9;0;0;108;1;0;2;0;2
2025;Sudeste;3;São Paulo;SP;35;Cubatão;3513504;São Paulo;3501;Santos;350002;Cubatão;351350405;;;ALMERINDA MONTEIRO DE CARVALHO PROFA UME;35055827;1;3;;1;0;0;;224;224;0;224;0;0;0;0;0;0;0;0;0;0;0;0;0;0;0;0;0;0;0;0;0;0;0;0;0;0;0;0;0;0;0;0;0;0;0;0;0;0;0;0;0;0;0;0;0;0;0;0;0;0;0;0;0;0;0;0;0;0;0;0;0;0;0;0;0;0;0;0;0;0;0;0;0;0;0;0;0;0;0;0;0;0;19;19;0;19;0;0;0;0;0;0;0;0;0;19;19;0;19;0;0;0;0;0;0;0;0;0;0;0;0;0;0;0;0;0;0;0;0;0;0;106;118;21;94;13;91;2;3;0;208;16;0;0;0;0;224;0;0;0;0;224;111;113;0;0;0;0;0;0;224;111;113;0;0;0;0;0;0;0;0;0;0;0;0;0;0;0;0;0;0;0;0;0;0;0;0;0;0;0;0;0;0;0;0;0;0;0;0;0;0;0;0;0;0;0;19;6;13;0;0;19;6;13;0;0;0;0;0;0;0;13;13;0;13;0;0;0;0;0;0;0;0;0;13;13;0;0;224;0;0;0;0;0
2025;Sudeste;3;São Paulo;SP;35;Cubatão;3513504;São Paulo;3501;Santos;350002;Cubatão;351350405;;;ESTADO DE GOIAS UNIDADE MUNICIPAL DE ENSINO;35055840;1;3;;1;0;0;;180;180;0;180;0;0;0;0;0;0;0;0;0;0;0;0;0;0;0;0;0;0;0;0;0;0;0;0;0;0;0;0;0;0;0;0;0;0;0;0;0;0;0;0;0;0;0;0;0;0;0;0;0;0;0;0;0;0;0;0;0;0;0;0;0;0;0;0;0;0;0;0;0;0;0;0;0;0;0;0;0;0;0;0;0;0;11;11;0;11;0;0;0;0;0;0;0;0;0;11;11;0;11;0;0;0;0;0;0;0;0;0;0;0;0;0;0;0;0;0;0;0;0;0;0;91;89;60;48;5;66;0;1;0;159;21;0;0;0;0;180;0;0;0;0;180;58;122;0;0;0;0;0;0;180;58;122;0;0;0;0;0;0;0;0;0;0;0;0;0;0;0;0;0;0;0;0;0;0;0;0;0;0;0;0;0;0;0;0;0;0;0;0;0;0;0;0;0;0;0;11;5;6;0;0;11;5;6;0;0;0;0;0;0;0;56;56;0;56;0;0;0;0;0;0;0;0;0;11;11;0;0;179;1;0;0;0;0
2025;Sudeste;3;São Paulo;SP;35;Cubatão;3513504;São Paulo;3501;Santos;350002;Cubatão;351350405;;;BERNARDO JOSE MARIA LORENA UNIDADE MUNICIPAL DE ENSINO;35055852;1;3;;1;0;0;;1244;0;0;0;1145;439;0;25;42;160;212;706;186;199;206;115;0;0;0;0;0;0;0;0;0;0;0;0;0;0;0;0;0;0;0;0;0;0;0;0;0;0;0;0;0;0;0;0;0;0;0;0;0;0;0;0;0;0;0;0;0;0;0;0;0;0;0;0;0;0;0;0;0;0;0;0;99;99;99;15;84;0;0;0;0;0;79;0;0;0;74;33;41;0;0;0;5;5;0;79;0;0;0;74;33;41;0;0;0;5;5;0;0;0;0;0;0;0;0;0;0;0;0;0;0;617;627;184;516;29;508;3;4;0;0;345;733;108;58;0;0;384;721;83;56;1145;554;591;99;0;0;0;0;0;0;0;0;0;1145;554;591;0;439;439;0;0;706;115;591;0;0;0;0;0;0;0;0;0;0;0;0;0;0;0;0;0;0;0;99;0;0;0;0;99;0;0;0;0;0;0;74;39;35;5;0;74;39;35;5;0;0;0;0;0;0;72;0;0;0;72;31;41;0;0;0;0;0;0;68;68;0;0;1233;11;0;0;0;0
2025;Sudeste;3;São Paulo;SP;35;Cubatão;3513504;São Paulo;3501;Santos;350002;Cubatão;351350405;;;MANOEL DA NOBREGA PADRE UNIDADE MUNICIPAL DE ENSINO;35055864;1;3;;1;0;0;;882;0;0;0;798;235;0;0;0;125;110;563;133;157;151;122;0;0;0;0;0;0;0;0;0;0;0;0;0;0;0;0;0;0;0;0;0;0;0;0;0;0;0;0;0;0;0;0;0;0;0;0;0;0;0;0;0;0;0;0;0;0;0;0;0;0;0;0;0;0;0;0;0;0;0;0;84;84;84;14;70;0;0;0;0;0;49;0;0;0;47;17;30;0;0;0;2;2;0;49;0;0;0;47;17;30;0;0;0;2;2;0;0;0;0;0;0;0;0;0;0;0;0;0;0;440;442;166;354;26;332;1;3;0;0;188;556;96;42;0;0;211;559;70;42;798;368;430;84;0;0;0;0;0;0;0;0;0;798;368;430;0;235;235;0;0;563;133;430;0;0;0;0;0;0;0;0;0;0;0;0;0;0;0;0;0;0;0;84;0;0;0;0;84;0;0;0;0;0;0;47;23;24;2;0;47;23;24;2;0;0;0;0;0;0;23;0;0;0;23;13;10;0;0;0;0;0;0;23;23;0;0;876;6;0;0;0;0
2025;Sudeste;3;São Paulo;SP;35;Cubatão;3513504;São Paulo;3501;Santos;350002;Cubatão;351350405;;;JOAO RAMALHO UNIDADE MUNICIPAL DE ENSINO;35055876;1;3;;1;0;0;;495;0;0;0;495;244;34;40;51;55;64;251;71;61;61;58;0;0;0;0;0;0;0;0;0;0;0;0;0;0;0;0;0;0;0;0;0;0;0;0;0;0;0;0;0;0;0;0;0;0;0;0;0;0;0;0;0;0;0;0;0;0;0;0;0;0;0;0;0;0;0;0;0;0;0;0;0;0;0;0;0;0;0;0;0;0;46;0;0;0;46;25;21;0;0;0;0;0;0;46;0;0;0;46;25;21;0;0;0;0;0;0;0;0;0;0;0;0;0;0;0;0;0;0;0;209;286;58;203;11;222;0;1;0;0;224;251;20;0;0;0;235;249;11;0;495;251;244;0;0;0;0;0;0;0;0;0;0;495;251;244;0;244;0;244;0;251;251;0;0;0;0;0;0;0;0;0;0;0;0;0;0;0;0;0;0;0;0;0;0;0;0;0;0;0;0;0;0;0;0;46;21;25;0;0;46;21;25;0;0;0;0;0;0;0;47;0;0;0;47;24;23;0;0;0;0;0;0;43;43;0;0;491;4;0;0;0;0
2025;Sudeste;3;São Paulo;SP;35;Cubatão;3513504;São Paulo;3501;Santos;350002;Cubatão;351350405;;;JOSE DE ANCHIETA PADRE UNIDADE MUNICIPAL DE ENSINO;35055888;1;3;;1;0;0;;853;0;0;0;784;398;70;71;85;79;93;386;99;97;96;94;0;0;0;0;0;0;0;0;0;0;0;0;0;0;0;0;0;0;0;0;0;0;0;0;0;0;0;0;0;0;0;0;0;0;0;0;0;0;0;0;0;0;0;0;0;0;0;0;0;0;0;0;0;0;0;0;0;0;0;0;69;69;69;10;59;0;0;0;0;0;51;0;0;0;49;30;19;0;0;0;2;2;0;51;0;0;0;49;30;19;0;0;0;2;2;0;0;0;0;0;0;0;0;0;0;0;0;0;0;435;418;188;304;23;336;0;2;0;0;359;386;59;49;0;0;381;385;38;49;784;386;398;69;0;0;0;0;0;0;0;0;0;784;386;398;0;398;0;398;0;386;386;0;0;0;0;0;0;0;0;0;0;0;0;0;0;0;0;0;0;0;0;69;0;0;0;0;69;0;0;0;0;0;0;49;19;30;2;0;49;19;30;2;0;0;0;0;0;0;62;0;0;0;62;27;35;0;0;0;0;0;0;45;45;0;0;842;11;0;0;0;0
2025;Sudeste;3;São Paulo;SP;35;Cubatão;3513504;São Paulo;3501;Santos;350002;Cubatão;351350405;;;ESTADO DO PARA UNIDADE MUNICIPAL DE ENSINO;35067763;1;3;;1;0;0;;147;147;131;16;0;0;0;0;0;0;0;0;0;0;0;0;0;0;0;0;0;0;0;0;0;0;0;0;0;0;0;0;0;0;0;0;0;0;0;0;0;0;0;0;0;0;0;0;0;0;0;0;0;0;0;0;0;0;0;0;0;0;0;0;0;0;0;0;0;0;0;0;0;0;0;0;0;0;0;0;0;0;0;0;0;0;9;9;4;5;0;0;0;0;0;0;0;0;0;9;9;4;5;0;0;0;0;0;0;0;0;0;0;0;0;0;0;0;0;0;0;0;0;0;0;78;69;8;67;6;65;1;0;116;31;0;0;0;0;131;16;0;0;0;0;147;64;83;0;0;131;64;67;0;16;0;16;0;0;0;0;0;0;0;0;0;0;0;0;0;0;0;0;0;0;0;0;0;0;0;0;0;0;0;0;0;0;0;0;0;0;0;0;0;0;0;0;0;0;0;9;1;8;0;0;9;1;8;0;0;0;0;0;0;0;9;9;4;5;0;0;0;0;0;0;0;0;0;9;9;0;0;146;1;0;0;0;0
2025;Sudeste;3;São Paulo;SP;35;Cubatão;3513504;São Paulo;3501;Santos;350002;Cubatão;351350405;;;ESTADO DE SANTA CATARINA UNIDADE MUNICIPAL DE ENSINO;35067775;1;3;;1;0;0;;205;205;205;0;0;0;0;0;0;0;0;0;0;0;0;0;0;0;0;0;0;0;0;0;0;0;0;0;0;0;0;0;0;0;0;0;0;0;0;0;0;0;0;0;0;0;0;0;0;0;0;0;0;0;0;0;0;0;0;0;0;0;0;0;0;0;0;0;0;0;0;0;0;0;0;0;0;0;0;0;0;0;0;0;0;0;15;15;15;0;0;0;0;0;0;0;0;0;0;15;15;15;0;0;0;0;0;0;0;0;0;0;0;0;0;0;0;0;0;0;0;0;0;0;0;111;94;10;73;9;113;0;0;193;12;0;0;0;0;204;1;0;0;0;0;205;91;114;0;0;205;91;114;0;0;0;0;0;0;0;0;0;0;0;0;0;0;0;0;0;0;0;0;0;0;0;0;0;0;0;0;0;0;0;0;0;0;0;0;0;0;0;0;0;0;0;0;0;0;0;15;6;9;0;0;15;6;9;0;0;0;0;0;0;0;14;14;14;0;0;0;0;0;0;0;0;0;0;14;14;0;0;203;2;0;0;0;0
2025;Sudeste;3;São Paulo;SP;35;Cubatão;3513504;São Paulo;3501;Santos;350002;Cubatão;351350405;;;ESTADO DO AMAPA UNIDADE MUNICIPAL DE ENSINO;35067787;1;3;;1;0;0;;129;105;0;105;24;24;24;0;0;0;0;0;0;0;0;0;0;0;0;0;0;0;0;0;0;0;0;0;0;0;0;0;0;0;0;0;0;0;0;0;0;0;0;0;0;0;0;0;0;0;0;0;0;0;0;0;0;0;0;0;0;0;0;0;0;0;0;0;0;0;0;0;0;0;0;0;0;0;0;0;0;0;0;0;0;0;8;8;0;8;0;0;0;0;0;0;0;0;0;8;8;0;8;0;0;0;0;0;0;0;0;0;0;0;0;0;0;0;0;0;0;0;0;0;0;59;70;62;47;0;19;1;0;0;93;36;0;0;0;0;105;24;0;0;0;129;12;117;0;0;0;0;0;0;105;12;93;0;24;0;24;0;24;0;24;0;0;0;0;0;0;0;0;0;0;0;0;0;0;0;0;0;0;0;0;0;0;0;0;0;0;0;0;0;0;0;0;0;0;0;8;0;8;0;0;8;0;8;0;0;0;0;0;0;0;82;58;0;58;24;24;0;0;0;0;0;0;0;8;8;0;0;129;0;0;0;0;0
2025;Sudeste;3;São Paulo;SP;35;Cubatão;3513504;São Paulo;3501;Santos;350002;Cubatão;351350405;;;RUI BARBOSA UNIDADE MUNICIPAL DE ENSINO;35067799;1;3;;1;0;0;;552;0;0;0;509;281;37;67;60;66;51;228;69;50;50;59;0;0;0;0;0;0;0;0;0;0;0;0;0;0;0;0;0;0;0;0;0;0;0;0;0;0;0;0;0;0;0;0;0;0;0;0;0;0;0;0;0;0;0;0;0;0;0;0;0;0;0;0;0;0;0;0;0;0;0;0;43;43;43;7;36;0;0;0;0;0;26;0;0;0;26;16;10;0;0;0;0;0;0;26;0;0;0;26;16;10;0;0;0;0;0;0;0;0;0;0;0;0;0;0;0;0;0;0;0;294;258;127;196;13;216;0;0;0;0;259;227;32;34;0;0;269;228;21;34;509;281;228;43;0;0;0;0;0;0;0;0;0;509;281;228;0;281;281;0;0;228;0;228;0;0;0;0;0;0;0;0;0;0;0;0;0;0;0;0;0;0;0;43;0;0;0;0;43;0;0;0;0;0;0;26;16;10;0;0;26;16;10;0;0;0;0;0;0;0;24;0;0;0;24;15;9;0;0;0;0;0;0;24;24;0;0;549;3;0;0;0;0
2025;Sudeste;3;São Paulo;SP;35;Cubatão;3513504;São Paulo;3501;Santos;350002;Cubatão;351350405;;;ESTADO DO TOCANTINS UNIDADE MUNICIPAL DE ENSINO;35068986;1;3;;1;0;0;;256;256;24;232;0;0;0;0;0;0;0;0;0;0;0;0;0;0;0;0;0;0;0;0;0;0;0;0;0;0;0;0;0;0;0;0;0;0;0;0;0;0;0;0;0;0;0;0;0;0;0;0;0;0;0;0;0;0;0;0;0;0;0;0;0;0;0;0;0;0;0;0;0;0;0;0;0;0;0;0;0;0;0;0;0;0;21;21;1;20;0;0;0;0;0;0;0;0;0;21;21;1;20;0;0;0;0;0;0;0;0;0;0;0;0;0;0;0;0;0;0;0;0;0;0;121;135;23;110;11;112;0;0;15;223;18;0;0;0;24;232;0;0;0;0;256;107;149;0;0;24;0;24;0;232;107;125;0;0;0;0;0;0;0;0;0;0;0;0;0;0;0;0;0;0;0;0;0;0;0;0;0;0;0;0;0;0;0;0;0;0;0;0;0;0;0;0;0;0;0;21;10;11;0;0;21;10;11;0;0;0;0;0;0;0;20;20;1;19;0;0;0;0;0;0;0;0;0;20;20;0;0;255;1;0;0;0;0
2025;Sudeste;3;São Paulo;SP;35;Cubatão;3513504;São Paulo;3501;Santos;350002;Cubatão;351350405;;;PRINCESA ISABEL UNIDADE MUNICIPAL DE ENSINO;35079212;1;3;;1;0;0;;14;0;0;0;10;1;0;0;0;0;1;9;1;2;2;4;4;0;0;0;0;4;4;0;0;0;0;4;0;0;0;0;0;0;0;0;0;0;0;0;0;0;0;0;0;0;0;0;0;0;0;0;0;0;0;0;0;0;0;0;0;0;0;0;0;0;0;0;0;0;0;0;0;0;0;0;0;0;0;0;0;0;0;0;0;0;14;0;0;0;10;1;9;4;0;0;0;0;0;0;0;0;0;0;0;0;0;0;0;0;0;0;14;0;0;0;10;1;9;4;0;0;0;0;0;1;13;1;8;1;4;0;0;0;0;0;5;9;0;0;0;0;7;7;0;14;8;6;0;0;0;0;0;0;0;0;0;0;10;8;2;0;1;1;0;0;9;7;2;0;4;0;4;0;0;0;0;0;0;0;0;0;0;0;0;0;0;0;0;0;0;0;0;0;0;0;0;0;0;0;14;8;6;0;0;0;0;0;0;0;14;8;6;0;0;0;0;0;0;0;0;0;0;0;0;0;0;0;0;0;0;0;14;0;0;0;0;0
2025;Sudeste;3;São Paulo;SP;35;Cubatão;3513504;São Paulo;3501;Santos;350002;Cubatão;351350405;;;ESTADO DO MATO GROSSO UNIDADE MUNICIPAL DE ENSINO;35087075;1;3;;1;0;0;;116;95;0;95;21;21;21;0;0;0;0;0;0;0;0;0;0;0;0;0;0;0;0;0;0;0;0;0;0;0;0;0;0;0;0;0;0;0;0;0;0;0;0;0;0;0;0;0;0;0;0;0;0;0;0;0;0;0;0;0;0;0;0;0;0;0;0;0;0;0;0;0;0;0;0;0;0;0;0;0;0;0;0;0;0;0;11;9;0;9;2;2;0;0;0;0;0;0;0;11;9;0;9;2;2;0;0;0;0;0;0;0;0;0;0;0;0;0;0;0;0;0;0;0;0;57;59;27;44;3;42;0;0;0;82;34;0;0;0;0;95;21;0;0;0;116;0;116;0;0;0;0;0;0;95;0;95;0;21;0;21;0;21;0;21;0;0;0;0;0;0;0;0;0;0;0;0;0;0;0;0;0;0;0;0;0;0;0;0;0;0;0;0;0;0;0;0;0;0;0;11;0;11;0;0;11;0;11;0;0;0;0;0;0;0;116;95;0;95;21;21;0;0;0;0;0;0;0;11;11;0;0;116;0;0;0;0;0
2025;Sudeste;3;São Paulo;SP;35;Cubatão;3513504;São Paulo;3501;Santos;350002;Cubatão;351350405;;;DOM PEDRO I UNIDADE MUNICIPAL DE ENSINO;35092101;1;3;;1;0;0;;471;0;0;0;362;362;76;75;74;74;63;0;0;0;0;0;0;0;0;0;0;0;0;0;0;0;0;0;0;0;0;0;0;0;0;0;0;0;0;0;0;0;0;0;0;0;0;0;0;0;0;0;0;0;0;0;0;0;0;0;0;0;0;0;0;0;0;0;0;0;0;0;0;0;0;0;109;109;109;25;84;0;0;0;0;0;12;0;0;0;10;10;0;0;0;0;2;2;0;12;0;0;0;10;10;0;0;0;0;2;2;0;0;0;0;0;0;0;0;0;0;0;0;0;0;239;232;119;164;16;172;0;0;0;0;337;25;52;57;0;0;350;12;53;56;362;0;362;109;0;0;0;0;0;0;0;0;0;362;0;362;0;362;0;362;0;0;0;0;0;0;0;0;0;0;0;0;0;0;0;0;0;0;0;0;0;0;0;109;0;0;0;0;109;0;0;0;0;0;0;10;0;10;2;0;10;0;10;2;0;0;0;0;0;0;364;0;0;0;362;362;0;0;0;0;2;2;0;12;12;0;0;467;4;0;0;0;0
2025;Sudeste;3;São Paulo;SP;35;Cubatão;3513504;São Paulo;3501;Santos;350002;Cubatão;351350405;;;ESTADO DE ALAGOAS UNIDADE MUNICIPAL DE ENSINO;35092137;1;3;;1;0;0;;160;46;0;46;114;114;40;28;27;19;0;0;0;0;0;0;0;0;0;0;0;0;0;0;0;0;0;0;0;0;0;0;0;0;0;0;0;0;0;0;0;0;0;0;0;0;0;0;0;0;0;0;0;0;0;0;0;0;0;0;0;0;0;0;0;0;0;0;0;0;0;0;0;0;0;0;0;0;0;0;0;0;0;0;0;0;17;3;0;3;14;14;0;0;0;0;0;0;0;17;3;0;3;14;14;0;0;0;0;0;0;0;0;0;0;0;0;0;0;0;0;0;0;0;0;78;82;8;59;4;89;0;0;0;41;118;1;0;0;0;46;113;1;0;0;160;66;94;0;0;0;0;0;0;46;9;37;0;114;57;57;0;114;57;57;0;0;0;0;0;0;0;0;0;0;0;0;0;0;0;0;0;0;0;0;0;0;0;0;0;0;0;0;0;0;0;0;0;0;0;17;10;7;0;0;17;10;7;0;0;0;0;0;0;0;16;3;0;3;13;13;0;0;0;0;0;0;0;16;16;0;0;160;0;0;0;0;0
2025;Sudeste;3;São Paulo;SP;35;Cubatão;3513504;São Paulo;3501;Santos;350002;Cubatão;351350405;;;ESTADO DE PERNAMBUCO UNIDADE MUNICIPAL DE ENSINO;35092149;1;3;;1;0;0;;147;147;0;147;0;0;0;0;0;0;0;0;0;0;0;0;0;0;0;0;0;0;0;0;0;0;0;0;0;0;0;0;0;0;0;0;0;0;0;0;0;0;0;0;0;0;0;0;0;0;0;0;0;0;0;0;0;0;0;0;0;0;0;0;0;0;0;0;0;0;0;0;0;0;0;0;0;0;0;0;0;0;0;0;0;0;10;10;0;10;0;0;0;0;0;0;0;0;0;10;10;0;10;0;0;0;0;0;0;0;0;0;0;0;0;0;0;0;0;0;0;0;0;0;0;70;77;20;66;9;51;1;0;0;137;10;0;0;0;0;147;0;0;0;0;147;0;147;0;0;0;0;0;0;147;0;147;0;0;0;0;0;0;0;0;0;0;0;0;0;0;0;0;0;0;0;0;0;0;0;0;0;0;0;0;0;0;0;0;0;0;0;0;0;0;0;0;0;0;0;10;0;10;0;0;10;0;10;0;0;0;0;0;0;0;147;147;0;147;0;0;0;0;0;0;0;0;0;10;10;0;0;147;0;0;0;0;0
2025;Sudeste;3;São Paulo;SP;35;Cubatão;3513504;São Paulo;3501;Santos;350002;Cubatão;351350405;;;ESTADO DE MINAS GERAIS UNIDADE MUNICIPAL DE ENSINO;35092162;1;3;;1;0;0;;149;149;0;149;0;0;0;0;0;0;0;0;0;0;0;0;0;0;0;0;0;0;0;0;0;0;0;0;0;0;0;0;0;0;0;0;0;0;0;0;0;0;0;0;0;0;0;0;0;0;0;0;0;0;0;0;0;0;0;0;0;0;0;0;0;0;0;0;0;0;0;0;0;0;0;0;0;0;0;0;0;0;0;0;0;0;17;17;0;17;0;0;0;0;0;0;0;0;0;17;17;0;17;0;0;0;0;0;0;0;0;0;0;0;0;0;0;0;0;0;0;0;0;0;0;79;70;44;58;6;41;0;0;0;129;20;0;0;0;0;149;0;0;0;0;149;28;121;0;0;0;0;0;0;149;28;121;0;0;0;0;0;0;0;0;0;0;0;0;0;0;0;0;0;0;0;0;0;0;0;0;0;0;0;0;0;0;0;0;0;0;0;0;0;0;0;0;0;0;0;17;2;15;0;0;17;2;15;0;0;0;0;0;0;0;83;83;0;83;0;0;0;0;0;0;0;0;0;16;16;0;0;149;0;0;0;0;0
2025;Sudeste;3;São Paulo;SP;35;Cubatão;3513504;São Paulo;3501;Santos;350002;Cubatão;351350405;;;ANTONIO ORTEGA DOMINGUES UNIDADE MUNICIPAL DE ENSINO;35096436;1;3;;1;0;0;;384;0;0;0;384;384;131;129;124;0;0;0;0;0;0;0;0;0;0;0;0;0;0;0;0;0;0;0;0;0;0;0;0;0;0;0;0;0;0;0;0;0;0;0;0;0;0;0;0;0;0;0;0;0;0;0;0;0;0;0;0;0;0;0;0;0;0;0;0;0;0;0;0;0;0;0;0;0;0;0;0;0;0;0;0;0;26;0;0;0;26;26;0;0;0;0;0;0;0;26;0;0;0;26;26;0;0;0;0;0;0;0;0;0;0;0;0;0;0;0;0;0;0;0;0;203;181;91;139;14;138;1;1;0;0;384;0;0;0;0;0;384;0;0;0;384;191;193;0;0;0;0;0;0;0;0;0;0;384;191;193;0;384;191;193;0;0;0;0;0;0;0;0;0;0;0;0;0;0;0;0;0;0;0;0;0;0;0;0;0;0;0;0;0;0;0;0;0;0;0;26;13;13;0;0;26;13;13;0;0;0;0;0;0;0;26;0;0;0;26;26;0;0;0;0;0;0;0;26;26;0;0;377;7;0;0;0;0
2025;Sudeste;3;São Paulo;SP;35;Cubatão;3513504;São Paulo;3501;Santos;350002;Cubatão;351350405;;;ESTADO DO RIO GRANDE DO SUL UNIDADE MUNICIPAL DE ENSINO;35096453;1;3;;1;0;0;;124;124;0;124;0;0;0;0;0;0;0;0;0;0;0;0;0;0;0;0;0;0;0;0;0;0;0;0;0;0;0;0;0;0;0;0;0;0;0;0;0;0;0;0;0;0;0;0;0;0;0;0;0;0;0;0;0;0;0;0;0;0;0;0;0;0;0;0;0;0;0;0;0;0;0;0;0;0;0;0;0;0;0;0;0;0;6;6;0;6;0;0;0;0;0;0;0;0;0;6;6;0;6;0;0;0;0;0;0;0;0;0;0;0;0;0;0;0;0;0;0;0;0;0;0;54;70;24;43;7;49;1;0;0;116;8;0;0;0;0;124;0;0;0;0;124;0;124;0;0;0;0;0;0;124;0;124;0;0;0;0;0;0;0;0;0;0;0;0;0;0;0;0;0;0;0;0;0;0;0;0;0;0;0;0;0;0;0;0;0;0;0;0;0;0;0;0;0;0;0;6;0;6;0;0;6;0;6;0;0;0;0;0;0;0;124;124;0;124;0;0;0;0;0;0;0;0;0;6;6;0;0;124;0;0;0;0;0
2025;Sudeste;3;São Paulo;SP;35;Cubatão;3513504;São Paulo;3501;Santos;350002;Cubatão;351350405;;;ESTADO DO ESPIRITO SANTO UNIDADE MUNICIPAL DE ENSINO;35121885;1;3;;1;0;0;;224;0;0;0;224;224;85;59;52;28;0;0;0;0;0;0;0;0;0;0;0;0;0;0;0;0;0;0;0;0;0;0;0;0;0;0;0;0;0;0;0;0;0;0;0;0;0;0;0;0;0;0;0;0;0;0;0;0;0;0;0;0;0;0;0;0;0;0;0;0;0;0;0;0;0;0;0;0;0;0;0;0;0;0;0;0;20;0;0;0;20;20;0;0;0;0;0;0;0;20;0;0;0;20;20;0;0;0;0;0;0;0;0;0;0;0;0;0;0;0;0;0;0;0;0;123;101;50;80;10;84;0;0;0;0;221;3;0;0;0;0;222;2;0;0;224;106;118;0;0;0;0;0;0;0;0;0;0;224;106;118;0;224;106;118;0;0;0;0;0;0;0;0;0;0;0;0;0;0;0;0;0;0;0;0;0;0;0;0;0;0;0;0;0;0;0;0;0;0;0;20;9;11;0;0;20;9;11;0;0;0;0;0;0;0;18;0;0;0;18;18;0;0;0;0;0;0;0;18;18;0;0;222;2;0;0;0;0
2025;Sudeste;3;São Paulo;SP;35;Cubatão;3513504;São Paulo;3501;Santos;350002;Cubatão;351350405;;;ANTONIO OLIVIERI FILHO PADRE UNIDADE MUNICIPAL DE ENSINO;35133644;1;3;;1;0;0;;239;0;0;0;239;239;47;49;54;43;46;0;0;0;0;0;0;0;0;0;0;0;0;0;0;0;0;0;0;0;0;0;0;0;0;0;0;0;0;0;0;0;0;0;0;0;0;0;0;0;0;0;0;0;0;0;0;0;0;0;0;0;0;0;0;0;0;0;0;0;0;0;0;0;0;0;0;0;0;0;0;0;0;0;0;0;11;0;0;0;11;11;0;0;0;0;0;0;0;11;0;0;0;11;11;0;0;0;0;0;0;0;0;0;0;0;0;0;0;0;0;0;0;0;0;123;116;8;81;15;135;0;0;0;0;219;20;0;0;0;0;228;11;0;0;239;0;239;0;0;0;0;0;0;0;0;0;0;239;0;239;0;239;0;239;0;0;0;0;0;0;0;0;0;0;0;0;0;0;0;0;0;0;0;0;0;0;0;0;0;0;0;0;0;0;0;0;0;0;0;11;0;11;0;0;11;0;11;0;0;0;0;0;0;0;239;0;0;0;239;239;0;0;0;0;0;0;0;11;11;0;0;236;3;0;0;0;0
2025;Sudeste;3;São Paulo;SP;35;Cubatão;3513504;São Paulo;3501;Santos;350002;Cubatão;351350405;;;HESSEL HORACIO CHERKASSKY ESCOLA SENAI;35148052;2;4;1;1;0;0;;329;0;0;0;0;0;0;0;0;0;0;0;0;0;0;0;0;0;0;0;0;0;0;0;0;0;0;0;0;0;0;0;0;0;0;0;0;0;0;0;0;0;0;0;0;0;0;0;0;0;0;0;0;0;0;0;0;0;0;0;0;0;0;0;0;0;0;0;329;329;135;181;13;0;0;0;0;0;0;0;0;0;0;0;0;0;4;0;0;0;0;0;0;0;4;4;0;0;0;4;0;0;0;0;0;0;0;4;4;0;0;0;0;0;0;0;0;0;0;0;0;0;0;0;0;111;218;93;130;13;92;1;0;0;0;0;0;127;202;0;0;0;0;131;198;164;0;164;28;137;0;0;0;0;0;0;0;0;0;0;0;0;0;0;0;0;0;0;0;0;0;0;0;0;0;164;0;164;28;137;164;0;164;28;137;0;0;0;0;0;0;0;0;0;0;0;0;0;0;0;4;0;4;0;0;4;0;4;0;0;0;0;0;0;0;0;0;0;0;0;0;0;0;0;0;0;0;0;0;0;0;0;325;4;0;0;0;0
2025;Sudeste;3;São Paulo;SP;35;Cubatão;3513504;São Paulo;3501;Santos;350002;Cubatão;351350405;;;ESCOLA SESI RIBEMONT LOPES DE FARIAS;35154271;2;4;1;1;0;0;;744;0;0;0;553;297;56;57;61;59;64;256;64;64;64;64;191;64;64;63;0;0;64;64;0;0;0;0;0;0;0;0;0;0;0;0;0;127;127;0;0;0;64;63;0;0;0;0;0;0;0;64;64;64;0;0;64;64;0;0;0;0;0;0;0;0;0;0;127;0;0;0;0;127;0;0;0;0;0;0;0;0;0;0;0;0;24;0;0;0;21;11;10;3;2;0;0;0;0;24;0;0;0;21;11;10;3;2;0;0;0;0;0;0;0;0;0;0;0;0;0;0;0;0;0;354;390;151;353;21;207;11;1;0;0;286;266;184;8;0;0;299;260;180;5;744;552;192;0;0;0;0;0;0;0;0;0;0;553;361;192;0;297;297;0;0;256;64;192;0;191;191;0;0;0;127;127;0;0;0;0;0;0;0;0;0;0;0;0;0;0;0;0;0;0;0;0;0;0;0;24;18;6;0;0;24;18;6;0;0;0;0;0;0;0;303;0;0;0;303;297;6;0;0;0;0;0;0;11;11;0;0;735;9;0;0;0;0
2025;Sudeste;3;São Paulo;SP;35;Cubatão;3513504;São Paulo;3501;Santos;350002;Cubatão;351350405;;;FORTEC ESCOLA TECNICA;35175024;2;4;1;1;0;0;;866;225;164;61;306;187;31;45;41;39;31;119;28;27;35;29;112;32;45;35;0;0;0;0;0;0;0;0;112;112;0;0;32;45;35;0;0;0;0;0;0;0;0;0;0;0;0;0;0;0;0;0;0;0;0;0;0;0;0;0;0;0;0;0;0;0;0;0;335;335;9;214;0;0;0;0;0;0;0;0;0;0;0;0;0;0;17;0;0;0;14;5;9;1;3;3;0;0;0;17;0;0;0;14;5;9;1;3;3;0;0;0;0;0;0;0;0;0;0;0;0;0;0;0;0;407;459;342;281;20;217;5;1;154;68;186;119;119;220;166;60;189;120;112;219;643;265;378;223;0;164;34;130;0;61;0;61;0;306;119;187;0;187;0;187;0;119;119;0;0;112;112;0;0;0;112;112;0;223;0;112;112;0;223;0;0;0;0;0;0;0;0;0;0;0;0;0;0;0;0;15;10;5;2;0;15;10;5;2;0;0;0;0;0;0;77;72;72;0;5;0;5;0;0;0;0;0;0;0;0;0;0;863;3;0;0;0;0
2025;Sudeste;3;São Paulo;SP;35;Cubatão;3513504;São Paulo;3501;Santos;350002;Cubatão;351350405;;;CUBATAO ATENEU;35189522;2;4;1;1;0;0;;2;0;0;0;2;2;2;0;0;0;0;0;0;0;0;0;0;0;0;0;0;0;0;0;0;0;0;0;0;0;0;0;0;0;0;0;0;0;0;0;0;0;0;0;0;0;0;0;0;0;0;0;0;0;0;0;0;0;0;0;0;0;0;0;0;0;0;0;0;0;0;0;0;0;0;0;0;0;0;0;0;0;0;0;0;0;0;0;0;0;0;0;0;0;0;0;0;0;0;0;0;0;0;0;0;0;0;0;0;0;0;0;0;0;0;0;0;0;0;0;0;0;0;0;0;2;0;0;1;0;1;0;0;0;0;2;0;0;0;0;0;2;0;0;0;2;0;2;0;0;0;0;0;0;0;0;0;0;2;0;2;0;2;0;2;0;0;0;0;0;0;0;0;0;0;0;0;0;0;0;0;0;0;0;0;0;0;0;0;0;0;0;0;0;0;0;0;0;0;0;0;0;0;0;0;0;0;0;0;0;0;0;0;0;0;0;0;0;0;0;0;0;0;0;0;0;0;0;0;0;0;0;2;0;0;0;0;0
2025;Sudeste;3;São Paulo;SP;35;Cubatão;3513504;São Paulo;3501;Santos;350002;Cubatão;351350405;;;LUIZ PIERUZZI NETTO PROF DR UNIDADE MUNICIPAL DE ENSINO;35193902;1;3;;1;0;0;;673;0;0;0;673;177;0;0;0;84;93;496;140;143;85;128;0;0;0;0;0;0;0;0;0;0;0;0;0;0;0;0;0;0;0;0;0;0;0;0;0;0;0;0;0;0;0;0;0;0;0;0;0;0;0;0;0;0;0;0;0;0;0;0;0;0;0;0;0;0;0;0;0;0;0;0;0;0;0;0;0;0;0;0;0;0;53;0;0;0;53;18;35;0;0;0;0;0;0;53;0;0;0;53;18;35;0;0;0;0;0;0;0;0;0;0;0;0;0;0;0;0;0;0;0;331;342;25;282;28;336;2;0;0;0;125;479;69;0;0;0;142;495;36;0;673;356;317;0;0;0;0;0;0;0;0;0;0;673;356;317;0;177;0;177;0;496;356;140;0;0;0;0;0;0;0;0;0;0;0;0;0;0;0;0;0;0;0;0;0;0;0;0;0;0;0;0;0;0;0;53;28;25;0;0;53;28;25;0;0;0;0;0;0;0;29;0;0;0;29;14;15;0;0;0;0;0;0;29;29;0;0;670;3;0;0;0;0
2025;Sudeste;3;São Paulo;SP;35;Cubatão;3513504;São Paulo;3501;Santos;350002;Cubatão;351350405;;;ESTADO DO ACRE UNIDADE MUNICIPAL DE ENSINO;35197359;1;3;;1;0;0;;58;58;30;28;0;0;0;0;0;0;0;0;0;0;0;0;0;0;0;0;0;0;0;0;0;0;0;0;0;0;0;0;0;0;0;0;0;0;0;0;0;0;0;0;0;0;0;0;0;0;0;0;0;0;0;0;0;0;0;0;0;0;0;0;0;0;0;0;0;0;0;0;0;0;0;0;0;0;0;0;0;0;0;0;0;0;6;6;1;5;0;0;0;0;0;0;0;0;0;6;6;1;5;0;0;0;0;0;0;0;0;0;0;0;0;0;0;0;0;0;0;0;0;0;0;29;29;1;25;5;27;0;0;26;29;3;0;0;0;30;28;0;0;0;0;58;30;28;0;0;30;30;0;0;28;0;28;0;0;0;0;0;0;0;0;0;0;0;0;0;0;0;0;0;0;0;0;0;0;0;0;0;0;0;0;0;0;0;0;0;0;0;0;0;0;0;0;0;0;0;6;1;5;0;0;6;1;5;0;0;0;0;0;0;0;6;6;1;5;0;0;0;0;0;0;0;0;0;6;6;0;0;58;0;0;0;0;0
2025;Sudeste;3;São Paulo;SP;35;Cubatão;3513504;São Paulo;3501;Santos;350002;Cubatão;351350405;;;ESTADO DO MARANHAO UNIDADE MUNICIPAL DE ENSINO;35197361;1;3;;1;0;0;;81;81;0;81;0;0;0;0;0;0;0;0;0;0;0;0;0;0;0;0;0;0;0;0;0;0;0;0;0;0;0;0;0;0;0;0;0;0;0;0;0;0;0;0;0;0;0;0;0;0;0;0;0;0;0;0;0;0;0;0;0;0;0;0;0;0;0;0;0;0;0;0;0;0;0;0;0;0;0;0;0;0;0;0;0;0;6;6;0;6;0;0;0;0;0;0;0;0;0;6;6;0;6;0;0;0;0;0;0;0;0;0;0;0;0;0;0;0;0;0;0;0;0;0;0;48;33;31;23;0;26;1;0;0;75;6;0;0;0;0;81;0;0;0;0;81;0;81;0;0;0;0;0;0;81;0;81;0;0;0;0;0;0;0;0;0;0;0;0;0;0;0;0;0;0;0;0;0;0;0;0;0;0;0;0;0;0;0;0;0;0;0;0;0;0;0;0;0;0;0;6;0;6;0;0;6;0;6;0;0;0;0;0;0;0;81;81;0;81;0;0;0;0;0;0;0;0;0;6;6;0;0;81;0;0;0;0;0
2025;Sudeste;3;São Paulo;SP;35;Cubatão;3513504;São Paulo;3501;Santos;350002;Cubatão;351350405;;;ARACY ESTEVES SOARES CAMPOS UNIDADE MUNICIPAL DE ENSINO;35198985;1;3;;1;0;0;;130;130;130;0;0;0;0;0;0;0;0;0;0;0;0;0;0;0;0;0;0;0;0;0;0;0;0;0;0;0;0;0;0;0;0;0;0;0;0;0;0;0;0;0;0;0;0;0;0;0;0;0;0;0;0;0;0;0;0;0;0;0;0;0;0;0;0;0;0;0;0;0;0;0;0;0;0;0;0;0;0;0;0;0;0;0;3;3;3;0;0;0;0;0;0;0;0;0;0;3;3;3;0;0;0;0;0;0;0;0;0;0;0;0;0;0;0;0;0;0;0;0;0;0;0;66;64;84;20;5;21;0;0;119;11;0;0;0;0;130;0;0;0;0;0;130;39;91;0;0;130;39;91;0;0;0;0;0;0;0;0;0;0;0;0;0;0;0;0;0;0;0;0;0;0;0;0;0;0;0;0;0;0;0;0;0;0;0;0;0;0;0;0;0;0;0;0;0;0;0;3;1;2;0;0;3;1;2;0;0;0;0;0;0;0;55;55;55;0;0;0;0;0;0;0;0;0;0;3;3;0;0;128;2;0;0;0;0
2025;Sudeste;3;São Paulo;SP;35;Cubatão;3513504;São Paulo;3501;Santos;350002;Cubatão;351350405;;;MARIO DE OLIVEIRA MOREIRA UNIDADE MUNICIPAL DE ENSINO;35198997;1;3;;1;0;0;;302;0;0;0;302;180;28;29;45;36;42;122;31;31;26;34;0;0;0;0;0;0;0;0;0;0;0;0;0;0;0;0;0;0;0;0;0;0;0;0;0;0;0;0;0;0;0;0;0;0;0;0;0;0;0;0;0;0;0;0;0;0;0;0;0;0;0;0;0;0;0;0;0;0;0;0;0;0;0;0;0;0;0;0;0;0;66;0;0;0;66;41;25;0;0;0;0;0;0;66;0;0;0;66;41;25;0;0;0;0;0;0;0;0;0;0;0;0;0;0;0;0;0;0;0;137;165;177;83;3;39;0;0;0;0;170;119;13;0;0;0;177;118;7;0;302;122;180;0;0;0;0;0;0;0;0;0;0;302;122;180;0;180;0;180;0;122;122;0;0;0;0;0;0;0;0;0;0;0;0;0;0;0;0;0;0;0;0;0;0;0;0;0;0;0;0;0;0;0;0;66;25;41;0;0;66;25;41;0;0;0;0;0;0;0;80;0;0;0;80;74;6;0;0;0;0;0;0;33;33;0;0;301;1;0;0;0;0
2025;Sudeste;3;São Paulo;SP;35;Cubatão;3513504;São Paulo;3501;Santos;350002;Cubatão;351350405;;;LUIZ GUSTAVO DE LIMA UNIDADE MUNICIPAL DE ENSINO;35199000;1;3;;1;0;0;;466;0;0;0;466;466;82;75;80;105;124;0;0;0;0;0;0;0;0;0;0;0;0;0;0;0;0;0;0;0;0;0;0;0;0;0;0;0;0;0;0;0;0;0;0;0;0;0;0;0;0;0;0;0;0;0;0;0;0;0;0;0;0;0;0;0;0;0;0;0;0;0;0;0;0;0;0;0;0;0;0;0;0;0;0;0;41;0;0;0;41;41;0;0;0;0;0;0;0;41;0;0;0;41;41;0;0;0;0;0;0;0;0;0;0;0;0;0;0;0;0;0;0;0;0;232;234;74;182;14;196;0;0;0;0;416;50;0;0;0;0;442;24;0;0;466;229;237;0;0;0;0;0;0;0;0;0;0;466;229;237;0;466;229;237;0;0;0;0;0;0;0;0;0;0;0;0;0;0;0;0;0;0;0;0;0;0;0;0;0;0;0;0;0;0;0;0;0;0;0;41;20;21;0;0;41;20;21;0;0;0;0;0;0;0;40;0;0;0;40;40;0;0;0;0;0;0;0;40;40;0;0;464;2;0;0;0;0
2025;Sudeste;3;São Paulo;SP;35;Cubatão;3513504;São Paulo;3501;Santos;350002;Cubatão;351350405;;;ELZA SILVA DOS SANTOS UNIDADE MUNICIPAL DE ENSINO;35209545;1;3;;1;0;0;;555;219;0;219;336;336;102;117;117;0;0;0;0;0;0;0;0;0;0;0;0;0;0;0;0;0;0;0;0;0;0;0;0;0;0;0;0;0;0;0;0;0;0;0;0;0;0;0;0;0;0;0;0;0;0;0;0;0;0;0;0;0;0;0;0;0;0;0;0;0;0;0;0;0;0;0;0;0;0;0;0;0;0;0;0;0;47;25;0;25;22;22;0;0;0;0;0;0;0;47;25;0;25;22;22;0;0;0;0;0;0;0;0;0;0;0;0;0;0;0;0;0;0;0;0;278;277;24;177;21;333;0;0;0;194;361;0;0;0;0;219;336;0;0;0;555;236;319;0;0;0;0;0;0;219;97;122;0;336;139;197;0;336;139;197;0;0;0;0;0;0;0;0;0;0;0;0;0;0;0;0;0;0;0;0;0;0;0;0;0;0;0;0;0;0;0;0;0;0;0;47;17;30;0;0;47;17;30;0;0;0;0;0;0;0;38;19;0;19;19;19;0;0;0;0;0;0;0;38;38;0;0;555;0;0;0;0;0
2025;Sudeste;3;São Paulo;SP;35;Cubatão;3513504;São Paulo;3501;Santos;350002;Cubatão;351350405;;;MARTA MAGALI DA SILVA MADEIRA PROFA UME;35235027;1;3;;1;0;0;;118;118;118;0;0;0;0;0;0;0;0;0;0;0;0;0;0;0;0;0;0;0;0;0;0;0;0;0;0;0;0;0;0;0;0;0;0;0;0;0;0;0;0;0;0;0;0;0;0;0;0;0;0;0;0;0;0;0;0;0;0;0;0;0;0;0;0;0;0;0;0;0;0;0;0;0;0;0;0;0;0;0;0;0;0;0;6;6;6;0;0;0;0;0;0;0;0;0;0;6;6;6;0;0;0;0;0;0;0;0;0;0;0;0;0;0;0;0;0;0;0;0;0;0;0;52;66;85;15;4;14;0;0;110;8;0;0;0;0;118;0;0;0;0;0;118;33;85;0;0;118;33;85;0;0;0;0;0;0;0;0;0;0;0;0;0;0;0;0;0;0;0;0;0;0;0;0;0;0;0;0;0;0;0;0;0;0;0;0;0;0;0;0;0;0;0;0;0;0;0;6;2;4;0;0;6;2;4;0;0;0;0;0;0;0;50;50;50;0;0;0;0;0;0;0;0;0;0;1;1;0;0;118;0;0;0;0;0
2025;Sudeste;3;São Paulo;SP;35;Cubatão;3513504;São Paulo;3501;Santos;350002;Cubatão;351350405;;;JARDIM CASQUEIRO UNIDADE MUNICIPAL DE ENSINO;35235039;1;3;;1;0;0;;128;128;0;128;0;0;0;0;0;0;0;0;0;0;0;0;0;0;0;0;0;0;0;0;0;0;0;0;0;0;0;0;0;0;0;0;0;0;0;0;0;0;0;0;0;0;0;0;0;0;0;0;0;0;0;0;0;0;0;0;0;0;0;0;0;0;0;0;0;0;0;0;0;0;0;0;0;0;0;0;0;0;0;0;0;0;18;18;0;18;0;0;0;0;0;0;0;0;0;18;18;0;18;0;0;0;0;0;0;0;0;0;0;0;0;0;0;0;0;0;0;0;0;0;0;68;60;13;59;6;50;0;0;0;104;24;0;0;0;0;128;0;0;0;0;128;61;67;0;0;0;0;0;0;128;61;67;0;0;0;0;0;0;0;0;0;0;0;0;0;0;0;0;0;0;0;0;0;0;0;0;0;0;0;0;0;0;0;0;0;0;0;0;0;0;0;0;0;0;0;18;13;5;0;0;18;13;5;0;0;0;0;0;0;0;0;0;0;0;0;0;0;0;0;0;0;0;0;0;0;0;0;128;0;0;0;0;0
2025;Sudeste;3;São Paulo;SP;35;Cubatão;3513504;São Paulo;3501;Santos;350002;Cubatão;351350405;;;LUCY MONTORO UNIDADE MUNICIPAL DE ENSINO;35235040;1;3;;1;0;0;;60;60;60;0;0;0;0;0;0;0;0;0;0;0;0;0;0;0;0;0;0;0;0;0;0;0;0;0;0;0;0;0;0;0;0;0;0;0;0;0;0;0;0;0;0;0;0;0;0;0;0;0;0;0;0;0;0;0;0;0;0;0;0;0;0;0;0;0;0;0;0;0;0;0;0;0;0;0;0;0;0;0;0;0;0;0;4;4;4;0;0;0;0;0;0;0;0;0;0;4;4;4;0;0;0;0;0;0;0;0;0;0;0;0;0;0;0;0;0;0;0;0;0;0;0;35;25;6;25;2;27;0;0;49;11;0;0;0;0;60;0;0;0;0;0;60;8;52;0;0;60;8;52;0;0;0;0;0;0;0;0;0;0;0;0;0;0;0;0;0;0;0;0;0;0;0;0;0;0;0;0;0;0;0;0;0;0;0;0;0;0;0;0;0;0;0;0;0;0;0;4;2;2;0;0;4;2;2;0;0;0;0;0;0;0;40;40;40;0;0;0;0;0;0;0;0;0;0;1;1;0;0;60;0;0;0;0;0
2025;Sudeste;3;São Paulo;SP;35;Cubatão;3513504;São Paulo;3501;Santos;350002;Cubatão;351350405;;;NOSSA SENHORA DE FATIMA UNIDADE MUNICIPAL DE ENSINO;35235052;1;3;;1;0;0;;98;98;98;0;0;0;0;0;0;0;0;0;0;0;0;0;0;0;0;0;0;0;0;0;0;0;0;0;0;0;0;0;0;0;0;0;0;0;0;0;0;0;0;0;0;0;0;0;0;0;0;0;0;0;0;0;0;0;0;0;0;0;0;0;0;0;0;0;0;0;0;0;0;0;0;0;0;0;0;0;0;0;0;0;0;0;8;8;8;0;0;0;0;0;0;0;0;0;0;8;8;8;0;0;0;0;0;0;0;0;0;0;0;0;0;0;0;0;0;0;0;0;0;0;0;51;47;1;52;6;39;0;0;92;6;0;0;0;0;98;0;0;0;0;0;98;19;79;0;0;98;19;79;0;0;0;0;0;0;0;0;0;0;0;0;0;0;0;0;0;0;0;0;0;0;0;0;0;0;0;0;0;0;0;0;0;0;0;0;0;0;0;0;0;0;0;0;0;0;0;8;2;6;0;0;8;2;6;0;0;0;0;0;0;0;58;58;58;0;0;0;0;0;0;0;0;0;0;5;5;0;0;97;1;0;0;0;0
2025;Sudeste;3;São Paulo;SP;35;Cubatão;3513504;São Paulo;3501;Santos;350002;Cubatão;351350405;;;SOFIA ZARZUR UNIDADE MUNICIPAL DE ENSINO;35235076;1;3;;1;0;0;;104;104;104;0;0;0;0;0;0;0;0;0;0;0;0;0;0;0;0;0;0;0;0;0;0;0;0;0;0;0;0;0;0;0;0;0;0;0;0;0;0;0;0;0;0;0;0;0;0;0;0;0;0;0;0;0;0;0;0;0;0;0;0;0;0;0;0;0;0;0;0;0;0;0;0;0;0;0;0;0;0;0;0;0;0;0;0;0;0;0;0;0;0;0;0;0;0;0;0;0;0;0;0;0;0;0;0;0;0;0;0;0;0;0;0;0;0;0;0;0;0;0;0;0;0;60;44;3;41;4;56;0;0;102;2;0;0;0;0;104;0;0;0;0;0;104;26;78;0;0;104;26;78;0;0;0;0;0;0;0;0;0;0;0;0;0;0;0;0;0;0;0;0;0;0;0;0;0;0;0;0;0;0;0;0;0;0;0;0;0;0;0;0;0;0;0;0;0;0;0;0;0;0;0;0;0;0;0;0;0;0;0;0;0;0;55;55;55;0;0;0;0;0;0;0;0;0;0;0;0;0;0;104;0;0;0;0;0
2025;Sudeste;3;São Paulo;SP;35;Cubatão;3513504;São Paulo;3501;Santos;350002;Cubatão;351350405;;;VILA SAO JOSE UNIDADE MUNICIPAL DE ENSINO;35235748;1;3;;1;0;0;;105;105;105;0;0;0;0;0;0;0;0;0;0;0;0;0;0;0;0;0;0;0;0;0;0;0;0;0;0;0;0;0;0;0;0;0;0;0;0;0;0;0;0;0;0;0;0;0;0;0;0;0;0;0;0;0;0;0;0;0;0;0;0;0;0;0;0;0;0;0;0;0;0;0;0;0;0;0;0;0;0;0;0;0;0;0;5;5;5;0;0;0;0;0;0;0;0;0;0;5;5;5;0;0;0;0;0;0;0;0;0;0;0;0;0;0;0;0;0;0;0;0;0;0;0;52;53;18;43;9;35;0;0;96;9;0;0;0;0;105;0;0;0;0;0;105;36;69;0;0;105;36;69;0;0;0;0;0;0;0;0;0;0;0;0;0;0;0;0;0;0;0;0;0;0;0;0;0;0;0;0;0;0;0;0;0;0;0;0;0;0;0;0;0;0;0;0;0;0;0;5;4;1;0;0;5;4;1;0;0;0;0;0;0;0;14;14;14;0;0;0;0;0;0;0;0;0;0;0;0;0;0;105;0;0;0;0;0
2025;Sudeste;3;São Paulo;SP;35;Cubatão;3513504;São Paulo;3501;Santos;350002;Cubatão;351350405;;;ULYSSES GUIMARAES UNIDADE MUNICIPAL DE ENSINO;35243279;1;3;;1;0;0;;623;0;0;0;623;0;0;0;0;0;0;623;149;154;161;159;0;0;0;0;0;0;0;0;0;0;0;0;0;0;0;0;0;0;0;0;0;0;0;0;0;0;0;0;0;0;0;0;0;0;0;0;0;0;0;0;0;0;0;0;0;0;0;0;0;0;0;0;0;0;0;0;0;0;0;0;0;0;0;0;0;0;0;0;0;0;27;0;0;0;27;0;27;0;0;0;0;0;0;27;0;0;0;27;0;27;0;0;0;0;0;0;0;0;0;0;0;0;0;0;0;0;0;0;0;301;322;51;257;9;304;1;1;0;0;1;525;97;0;0;0;3;559;61;0;623;387;236;0;0;0;0;0;0;0;0;0;0;623;387;236;0;0;0;0;0;623;387;236;0;0;0;0;0;0;0;0;0;0;0;0;0;0;0;0;0;0;0;0;0;0;0;0;0;0;0;0;0;0;0;27;17;10;0;0;27;17;10;0;0;0;0;0;0;0;146;0;0;0;146;0;146;0;0;0;0;0;0;25;25;0;0;620;3;0;0;0;0
2025;Sudeste;3;São Paulo;SP;35;Cubatão;3513504;São Paulo;3501;Santos;350002;Cubatão;351350405;;;POLITECNICA DE CUBATAO CIEN ESCOLA;35250961;2;4;1;1;0;0;;240;0;0;0;0;0;0;0;0;0;0;0;0;0;0;0;0;0;0;0;0;0;0;0;0;0;0;0;0;0;0;0;0;0;0;0;0;0;0;0;0;0;0;0;0;0;0;0;0;0;0;0;0;0;0;0;0;0;0;0;0;0;0;0;0;0;0;0;240;240;197;43;0;0;0;0;0;0;0;0;0;0;0;0;0;0;0;0;0;0;0;0;0;0;0;0;0;0;0;0;0;0;0;0;0;0;0;0;0;0;0;0;0;0;0;0;0;0;0;0;0;0;0;0;0;209;31;76;73;5;86;0;0;0;0;0;0;13;227;0;0;0;0;15;225;63;50;13;177;0;0;0;0;0;0;0;0;0;0;0;0;0;0;0;0;0;0;0;0;0;0;0;0;0;0;63;50;13;177;0;63;50;13;177;0;0;0;0;0;0;0;0;0;0;0;0;0;0;0;0;0;0;0;0;0;0;0;0;0;0;0;0;0;0;0;0;0;0;0;0;0;0;0;0;0;0;0;0;0;0;0;0;237;3;0;0;0;0
2025;Sudeste;3;São Paulo;SP;35;Cubatão;3513504;São Paulo;3501;Santos;350002;Cubatão;351350405;;;IVANILDO REBOUCAS DA SILVA ESCOLA TECNICA DE MUSICA E DANCA;35257000;1;3;;1;0;0;;417;0;0;0;0;0;0;0;0;0;0;0;0;0;0;0;0;0;0;0;0;0;0;0;0;0;0;0;0;0;0;0;0;0;0;0;0;0;0;0;0;0;0;0;0;0;0;0;0;0;0;0;0;0;0;0;0;0;0;0;0;0;0;0;0;0;0;0;417;417;81;336;0;0;0;0;0;0;0;0;0;0;0;0;0;0;12;0;0;0;0;0;0;0;12;12;0;0;0;12;0;0;0;0;0;0;0;12;12;0;0;0;0;0;0;0;0;0;0;0;0;0;0;0;0;215;202;182;164;8;62;1;0;0;0;0;0;80;337;0;0;0;3;86;328;150;0;150;267;0;0;0;0;0;0;0;0;0;0;0;0;0;0;0;0;0;0;0;0;0;0;0;0;0;0;150;0;150;267;0;150;0;150;267;0;0;0;0;0;0;0;0;0;0;0;0;0;0;0;0;8;0;8;4;0;8;0;8;4;0;0;0;0;0;0;0;0;0;0;0;0;0;0;0;0;0;0;0;0;0;0;0;410;7;0;0;0;0
2025;Sudeste;3;São Paulo;SP;35;Cubatão;3513504;São Paulo;3501;Santos;350002;Cubatão;351350405;;;USINA HENRY BORDEN UNIDADE MUNICIPAL DE ENSINO;35273922;1;3;;1;0;0;;224;0;0;0;224;120;0;18;15;34;53;104;31;25;26;22;0;0;0;0;0;0;0;0;0;0;0;0;0;0;0;0;0;0;0;0;0;0;0;0;0;0;0;0;0;0;0;0;0;0;0;0;0;0;0;0;0;0;0;0;0;0;0;0;0;0;0;0;0;0;0;0;0;0;0;0;0;0;0;0;0;0;0;0;0;0;15;0;0;0;15;6;9;0;0;0;0;0;0;15;0;0;0;15;6;9;0;0;0;0;0;0;0;0;0;0;0;0;0;0;0;0;0;0;0;103;121;34;82;6;101;1;0;0;0;106;109;9;0;0;0;115;105;4;0;224;118;106;0;0;0;0;0;0;0;0;0;0;224;118;106;0;120;14;106;0;104;104;0;0;0;0;0;0;0;0;0;0;0;0;0;0;0;0;0;0;0;0;0;0;0;0;0;0;0;0;0;0;0;0;15;10;5;0;0;15;10;5;0;0;0;0;0;0;0;170;0;0;0;170;66;104;0;0;0;0;0;0;14;14;0;0;223;1;0;0;0;0
2025;Sudeste;3;São Paulo;SP;35;Cubatão;3513504;São Paulo;3501;Santos;350002;Cubatão;351350405;;;ABC MASTER ESCOLA DE ENSINO FUNDAMENTAL;35286138;2;4;1;1;0;0;;301;0;0;0;230;75;0;18;13;19;25;155;39;32;42;42;71;16;30;25;0;0;71;16;30;25;0;0;0;0;0;0;0;0;0;0;0;0;0;0;0;0;0;0;0;0;0;0;0;0;0;71;71;71;0;0;0;0;0;0;71;71;0;0;0;0;0;0;0;0;0;0;0;0;0;0;0;0;0;0;0;0;0;0;0;0;3;0;0;0;3;0;3;0;0;0;0;0;0;3;0;0;0;3;0;3;0;0;0;0;0;0;0;0;0;0;0;0;0;0;0;0;0;0;0;134;167;34;139;15;81;32;0;0;0;76;152;71;2;0;0;80;150;71;0;301;215;86;0;0;0;0;0;0;0;0;0;0;230;144;86;0;75;0;75;0;155;144;11;0;71;71;0;0;0;0;0;0;0;0;0;0;0;0;0;0;0;0;0;0;0;0;0;0;0;0;0;0;0;0;3;1;2;0;0;3;1;2;0;0;0;0;0;0;0;0;0;0;0;0;0;0;0;0;0;0;0;0;0;0;0;0;296;5;0;0;0;0
2025;Sudeste;3;São Paulo;SP;35;Cubatão;3513504;São Paulo;3501;Santos;350002;Cubatão;351350405;;;LUIZA CORTEZ DA SILVA UNIDADE MUNICIPAL DE ENSINO;35286761;1;3;;1;0;0;;160;160;160;0;0;0;0;0;0;0;0;0;0;0;0;0;0;0;0;0;0;0;0;0;0;0;0;0;0;0;0;0;0;0;0;0;0;0;0;0;0;0;0;0;0;0;0;0;0;0;0;0;0;0;0;0;0;0;0;0;0;0;0;0;0;0;0;0;0;0;0;0;0;0;0;0;0;0;0;0;0;0;0;0;0;0;5;5;5;0;0;0;0;0;0;0;0;0;0;5;5;5;0;0;0;0;0;0;0;0;0;0;0;0;0;0;0;0;0;0;0;0;0;0;0;84;76;22;68;16;54;0;0;151;9;0;0;0;0;159;1;0;0;0;0;160;62;98;0;0;160;62;98;0;0;0;0;0;0;0;0;0;0;0;0;0;0;0;0;0;0;0;0;0;0;0;0;0;0;0;0;0;0;0;0;0;0;0;0;0;0;0;0;0;0;0;0;0;0;0;5;1;4;0;0;5;1;4;0;0;0;0;0;0;0;12;12;12;0;0;0;0;0;0;0;0;0;0;0;0;0;0;160;0;0;0;0;0
2025;Sudeste;3;São Paulo;SP;35;Cubatão;3513504;São Paulo;3501;Santos;350002;Cubatão;351350405;;;INTEGRADO EVOLUCAO COLEGIO;35287027;2;4;1;1;0;0;;267;77;38;39;175;96;0;32;23;23;18;79;22;18;21;18;15;0;7;8;0;0;15;0;7;8;0;0;0;0;0;0;0;0;0;0;0;0;0;0;0;0;0;0;0;0;0;0;0;0;0;15;0;0;0;0;15;15;0;0;0;0;0;0;15;15;0;0;0;0;0;0;0;0;0;0;0;0;0;0;0;0;0;0;0;0;4;0;0;0;3;3;0;1;0;0;0;0;0;4;0;0;0;3;3;0;1;0;0;0;0;0;0;0;0;0;0;0;0;0;0;0;0;0;0;141;126;57;140;22;45;3;0;33;43;96;80;14;1;38;39;99;76;14;1;267;103;164;0;0;38;9;29;0;39;0;39;0;175;79;96;0;96;0;96;0;79;79;0;0;15;15;0;0;0;0;0;0;0;0;0;0;0;0;0;0;0;0;0;0;0;0;0;0;0;0;0;0;0;0;4;1;3;0;0;4;1;3;0;0;0;0;0;0;0;2;0;0;0;2;0;2;0;0;0;0;0;0;0;0;0;0;267;0;0;0;0;0
2025;Sudeste;3;São Paulo;SP;35;Cubatão;3513504;São Paulo;3501;Santos;350002;Cubatão;351350405;;;MARIA ROSA DA CRUZ MALTEZ DA GUARDA UME;35290786;1;3;;1;0;0;;96;96;96;0;0;0;0;0;0;0;0;0;0;0;0;0;0;0;0;0;0;0;0;0;0;0;0;0;0;0;0;0;0;0;0;0;0;0;0;0;0;0;0;0;0;0;0;0;0;0;0;0;0;0;0;0;0;0;0;0;0;0;0;0;0;0;0;0;0;0;0;0;0;0;0;0;0;0;0;0;0;0;0;0;0;0;3;3;3;0;0;0;0;0;0;0;0;0;0;3;3;3;0;0;0;0;0;0;0;0;0;0;0;0;0;0;0;0;0;0;0;0;0;0;0;46;50;25;40;3;28;0;0;92;4;0;0;0;0;96;0;0;0;0;0;96;2;94;0;0;96;2;94;0;0;0;0;0;0;0;0;0;0;0;0;0;0;0;0;0;0;0;0;0;0;0;0;0;0;0;0;0;0;0;0;0;0;0;0;0;0;0;0;0;0;0;0;0;0;0;3;0;3;0;0;3;0;3;0;0;0;0;0;0;0;93;93;93;0;0;0;0;0;0;0;0;0;0;3;3;0;0;95;1;0;0;0;0
2025;Sudeste;3;São Paulo;SP;35;Cubatão;3513504;São Paulo;3501;Santos;350002;Cubatão;351350405;;;CELITA TERTULIANO SAMPAIO REIS PROFA UME;35290798;1;3;;1;0;0;;93;93;93;0;0;0;0;0;0;0;0;0;0;0;0;0;0;0;0;0;0;0;0;0;0;0;0;0;0;0;0;0;0;0;0;0;0;0;0;0;0;0;0;0;0;0;0;0;0;0;0;0;0;0;0;0;0;0;0;0;0;0;0;0;0;0;0;0;0;0;0;0;0;0;0;0;0;0;0;0;0;0;0;0;0;0;5;5;5;0;0;0;0;0;0;0;0;0;0;5;5;5;0;0;0;0;0;0;0;0;0;0;0;0;0;0;0;0;0;0;0;0;0;0;0;37;56;12;35;6;39;1;0;88;5;0;0;0;0;93;0;0;0;0;0;93;20;73;0;0;93;20;73;0;0;0;0;0;0;0;0;0;0;0;0;0;0;0;0;0;0;0;0;0;0;0;0;0;0;0;0;0;0;0;0;0;0;0;0;0;0;0;0;0;0;0;0;0;0;0;5;2;3;0;0;5;2;3;0;0;0;0;0;0;0;39;39;39;0;0;0;0;0;0;0;0;0;0;2;2;0;0;93;0;0;0;0;0
2025;Sudeste;3;São Paulo;SP;35;Cubatão;3513504;São Paulo;3501;Santos;350002;Cubatão;351350405;;;ABC ESCOLA DE EDUCACAO INFANTIL;35295197;2;4;1;1;0;0;;126;126;49;77;0;0;0;0;0;0;0;0;0;0;0;0;0;0;0;0;0;0;0;0;0;0;0;0;0;0;0;0;0;0;0;0;0;0;0;0;0;0;0;0;0;0;0;0;0;0;0;0;0;0;0;0;0;0;0;0;0;0;0;0;0;0;0;0;0;0;0;0;0;0;0;0;0;0;0;0;0;0;0;0;0;0;0;0;0;0;0;0;0;0;0;0;0;0;0;0;0;0;0;0;0;0;0;0;0;0;0;0;0;0;0;0;0;0;0;0;0;0;0;0;0;59;67;11;60;7;29;19;0;46;71;9;0;0;0;48;78;0;0;0;0;126;16;110;0;0;49;0;49;0;77;16;61;0;0;0;0;0;0;0;0;0;0;0;0;0;0;0;0;0;0;0;0;0;0;0;0;0;0;0;0;0;0;0;0;0;0;0;0;0;0;0;0;0;0;0;0;0;0;0;0;0;0;0;0;0;0;0;0;0;0;10;10;10;0;0;0;0;0;0;0;0;0;0;0;0;0;0;125;1;0;0;0;0
2025;Sudeste;3;São Paulo;SP;35;Cubatão;3513504;São Paulo;3501;Santos;350002;Cubatão;351350405;;;DOMINGOS PUCCIARIELLO VEREADOR UNIDADE MUNICIPAL DE ENSINO;35301401;1;3;;1;0;0;;122;122;122;0;0;0;0;0;0;0;0;0;0;0;0;0;0;0;0;0;0;0;0;0;0;0;0;0;0;0;0;0;0;0;0;0;0;0;0;0;0;0;0;0;0;0;0;0;0;0;0;0;0;0;0;0;0;0;0;0;0;0;0;0;0;0;0;0;0;0;0;0;0;0;0;0;0;0;0;0;0;0;0;0;0;0;6;6;6;0;0;0;0;0;0;0;0;0;0;6;6;6;0;0;0;0;0;0;0;0;0;0;0;0;0;0;0;0;0;0;0;0;0;0;0;69;53;20;64;2;35;1;0;114;8;0;0;0;0;122;0;0;0;0;0;122;24;98;0;0;122;24;98;0;0;0;0;0;0;0;0;0;0;0;0;0;0;0;0;0;0;0;0;0;0;0;0;0;0;0;0;0;0;0;0;0;0;0;0;0;0;0;0;0;0;0;0;0;0;0;6;1;5;0;0;6;1;5;0;0;0;0;0;0;0;67;67;67;0;0;0;0;0;0;0;0;0;0;2;2;0;0;121;1;0;0;0;0
2025;Sudeste;3;São Paulo;SP;35;Cubatão;3513504;São Paulo;3501;Santos;350002;Cubatão;351350405;;;UNIDADE DE ENSINO OBJETIVO CUBATAO;35331041;2;4;1;1;0;0;;237;39;19;20;198;97;12;19;19;27;20;101;29;14;24;34;0;0;0;0;0;0;0;0;0;0;0;0;0;0;0;0;0;0;0;0;0;0;0;0;0;0;0;0;0;0;0;0;0;0;0;0;0;0;0;0;0;0;0;0;0;0;0;0;0;0;0;0;0;0;0;0;0;0;0;0;0;0;0;0;0;0;0;0;0;0;4;0;0;0;4;3;1;0;0;0;0;0;0;4;0;0;0;4;3;1;0;0;0;0;0;0;0;0;0;0;0;0;0;0;0;0;0;0;0;118;119;49;111;4;64;8;1;16;21;95;102;3;0;19;20;98;100;0;0;237;106;131;0;0;19;0;19;0;20;0;20;0;198;106;92;0;97;5;92;0;101;101;0;0;0;0;0;0;0;0;0;0;0;0;0;0;0;0;0;0;0;0;0;0;0;0;0;0;0;0;0;0;0;0;4;2;2;0;0;4;2;2;0;0;0;0;0;0;0;17;0;0;0;17;14;3;0;0;0;0;0;0;0;0;0;0;231;6;0;0;0;0
2025;Sudeste;3;São Paulo;SP;35;Cubatão;3513504;São Paulo;3501;Santos;350002;Cubatão;351350405;;;MARIA ALBERTINA PINHEIRO SILVA MESQUITA NENE NEM;35368945;1;3;;1;0;0;;245;0;0;0;245;245;52;29;61;73;30;0;0;0;0;0;0;0;0;0;0;0;0;0;0;0;0;0;0;0;0;0;0;0;0;0;0;0;0;0;0;0;0;0;0;0;0;0;0;0;0;0;0;0;0;0;0;0;0;0;0;0;0;0;0;0;0;0;0;0;0;0;0;0;0;0;0;0;0;0;0;0;0;0;0;0;10;0;0;0;10;10;0;0;0;0;0;0;0;10;0;0;0;10;10;0;0;0;0;0;0;0;0;0;0;0;0;0;0;0;0;0;0;0;0;130;115;39;118;10;77;1;0;0;0;237;8;0;0;0;0;241;4;0;0;245;0;245;0;0;0;0;0;0;0;0;0;0;245;0;245;0;245;0;245;0;0;0;0;0;0;0;0;0;0;0;0;0;0;0;0;0;0;0;0;0;0;0;0;0;0;0;0;0;0;0;0;0;0;0;10;0;10;0;0;10;0;10;0;0;0;0;0;0;0;245;0;0;0;245;245;0;0;0;0;0;0;0;10;10;0;0;245;0;0;0;0;0
2025;Sudeste;3;São Paulo;SP;35;Cubatão;3513504;São Paulo;3501;Santos;350002;Cubatão;351350405;;;ETEC DE CUBATAO;35390896;1;2;;1;0;0;;824;0;0;0;0;0;0;0;0;0;0;0;0;0;0;0;496;195;188;113;0;0;0;0;0;0;0;0;496;496;0;0;195;188;113;0;0;0;0;0;0;0;0;0;0;0;0;0;0;0;0;0;0;0;0;0;0;0;0;0;0;0;0;0;0;0;0;0;824;824;76;251;1;0;0;0;0;0;0;0;0;0;0;0;0;0;22;0;0;0;0;0;0;16;22;22;0;0;0;22;0;0;0;0;0;0;16;22;22;0;0;0;0;0;0;0;0;0;0;0;0;0;0;0;0;466;358;175;398;17;230;4;0;0;0;0;3;543;278;0;0;0;12;560;252;497;345;152;327;0;0;0;0;0;0;0;0;0;0;0;0;0;0;0;0;0;0;0;0;0;496;344;152;0;0;497;345;152;327;0;497;345;152;327;0;0;0;0;0;0;0;0;0;0;0;0;0;0;0;0;16;10;6;6;0;16;10;6;6;0;0;0;0;0;0;3;0;0;0;0;0;0;0;3;3;0;0;0;0;0;0;0;812;12;0;0;0;0
2025;Sudeste;3;São Paulo;SP;35;Cubatão;3513504;São Paulo;3501;Santos;350002;Cubatão;351350405;;;PASSOS MAGICOS EDUCACAO INFANTIL;35402898;2;4;1;1;0;0;;7;7;0;7;0;0;0;0;0;0;0;0;0;0;0;0;0;0;0;0;0;0;0;0;0;0;0;0;0;0;0;0;0;0;0;0;0;0;0;0;0;0;0;0;0;0;0;0;0;0;0;0;0;0;0;0;0;0;0;0;0;0;0;0;0;0;0;0;0;0;0;0;0;0;0;0;0;0;0;0;0;0;0;0;0;0;0;0;0;0;0;0;0;0;0;0;0;0;0;0;0;0;0;0;0;0;0;0;0;0;0;0;0;0;0;0;0;0;0;0;0;0;0;0;0;2;5;2;4;1;0;0;0;5;2;0;0;0;0;5;2;0;0;0;0;7;7;0;0;0;0;0;0;0;7;7;0;0;0;0;0;0;0;0;0;0;0;0;0;0;0;0;0;0;0;0;0;0;0;0;0;0;0;0;0;0;0;0;0;0;0;0;0;0;0;0;0;0;0;0;0;0;0;0;0;0;0;0;0;0;0;0;0;0;0;0;0;0;0;0;0;0;0;0;0;0;0;0;0;0;0;0;7;0;0;0;0;0
2025;Sudeste;3;São Paulo;SP;35;Cubatão;3513504;São Paulo;3501;Santos;350002;Cubatão;351350405;;;NOVOS TEMPOS NOVO MUNDO ESCOLA DE EDUCACAO INFANTIL;35432957;2;4;2;1;0;1;1;104;104;104;0;0;0;0;0;0;0;0;0;0;0;0;0;0;0;0;0;0;0;0;0;0;0;0;0;0;0;0;0;0;0;0;0;0;0;0;0;0;0;0;0;0;0;0;0;0;0;0;0;0;0;0;0;0;0;0;0;0;0;0;0;0;0;0;0;0;0;0;0;0;0;0;0;0;0;0;0;0;0;0;0;0;0;2;2;2;0;0;0;0;0;0;0;0;0;0;2;2;2;0;0;0;0;0;0;0;0;0;0;0;0;0;0;0;0;0;0;0;0;0;0;0;49;55;54;25;4;20;1;0;100;4;0;0;0;0;104;0;0;0;0;0;104;73;31;0;0;104;73;31;0;0;0;0;0;0;0;0;0;0;0;0;0;0;0;0;0;0;0;0;0;0;0;0;0;0;0;0;0;0;0;0;0;0;0;0;0;0;0;0;0;0;0;0;0;0;0;2;2;0;0;0;2;2;0;0;0;0;0;0;0;0;52;52;52;0;0;0;0;0;0;0;0;0;0;1;1;0;0;104;0;0;0;0;0
2025;Sudeste;3;São Paulo;SP;35;Cubatão;3513504;São Paulo;3501;Santos;350002;Cubatão;351350405;;;MARIA LIBERATA VO BIA UNIDADE MUNICIPAL DE EDUCACAO;35440700;1;3;;1;0;0;;50;50;50;0;0;0;0;0;0;0;0;0;0;0;0;0;0;0;0;0;0;0;0;0;0;0;0;0;0;0;0;0;0;0;0;0;0;0;0;0;0;0;0;0;0;0;0;0;0;0;0;0;0;0;0;0;0;0;0;0;0;0;0;0;0;0;0;0;0;0;0;0;0;0;0;0;0;0;0;0;0;0;0;0;0;0;0;0;0;0;0;0;0;0;0;0;0;0;0;0;0;0;0;0;0;0;0;0;0;0;0;0;0;0;0;0;0;0;0;0;0;0;0;0;0;23;27;22;14;3;10;0;1;50;0;0;0;0;0;50;0;0;0;0;0;50;12;38;0;0;50;12;38;0;0;0;0;0;0;0;0;0;0;0;0;0;0;0;0;0;0;0;0;0;0;0;0;0;0;0;0;0;0;0;0;0;0;0;0;0;0;0;0;0;0;0;0;0;0;0;0;0;0;0;0;0;0;0;0;0;0;0;0;0;0;25;25;25;0;0;0;0;0;0;0;0;0;0;0;0;0;0;50;0;0;0;0;0
2025;Sudeste;3;São Paulo;SP;35;Cubatão;3513504;São Paulo;3501;Santos;350002;Cubatão;351350405;;;CARROSSEL - NEI;35445368;2;4;2;1;0;1;1;182;182;182;0;0;0;0;0;0;0;0;0;0;0;0;0;0;0;0;0;0;0;0;0;0;0;0;0;0;0;0;0;0;0;0;0;0;0;0;0;0;0;0;0;0;0;0;0;0;0;0;0;0;0;0;0;0;0;0;0;0;0;0;0;0;0;0;0;0;0;0;0;0;0;0;0;0;0;0;0;0;0;0;0;0;0;1;1;1;0;0;0;0;0;0;0;0;0;0;1;1;1;0;0;0;0;0;0;0;0;0;0;0;0;0;0;0;0;0;0;0;0;0;0;0;83;99;25;71;9;77;0;0;164;18;0;0;0;0;182;0;0;0;0;0;182;37;145;0;0;182;37;145;0;0;0;0;0;0;0;0;0;0;0;0;0;0;0;0;0;0;0;0;0;0;0;0;0;0;0;0;0;0;0;0;0;0;0;0;0;0;0;0;0;0;0;0;0;0;0;1;0;1;0;0;1;0;1;0;0;0;0;0;0;0;95;95;95;0;0;0;0;0;0;0;0;0;0;1;1;0;0;180;2;0;0;0;0
2025;Sudeste;3;São Paulo;SP;35;Cubatão;3513504;São Paulo;3501;Santos;350002;Cubatão;351350405;;;JAYME JOAO OLCESE UNIDADE MUNICIPAL DE ENSINO;35456385;1;3;;1;0;0;;249;0;0;0;249;249;65;29;58;57;40;0;0;0;0;0;0;0;0;0;0;0;0;0;0;0;0;0;0;0;0;0;0;0;0;0;0;0;0;0;0;0;0;0;0;0;0;0;0;0;0;0;0;0;0;0;0;0;0;0;0;0;0;0;0;0;0;0;0;0;0;0;0;0;0;0;0;0;0;0;0;0;0;0;0;0;19;0;0;0;19;19;0;0;0;0;0;0;0;19;0;0;0;19;19;0;0;0;0;0;0;0;0;0;0;0;0;0;0;0;0;0;0;0;0;122;127;34;88;10;116;0;1;0;0;237;12;0;0;0;0;244;5;0;0;249;0;249;0;0;0;0;0;0;0;0;0;0;249;0;249;0;249;0;249;0;0;0;0;0;0;0;0;0;0;0;0;0;0;0;0;0;0;0;0;0;0;0;0;0;0;0;0;0;0;0;0;0;0;0;19;0;19;0;0;19;0;19;0;0;0;0;0;0;0;249;0;0;0;249;249;0;0;0;0;0;0;0;19;19;0;0;247;2;0;0;0;0
2025;Sudeste;3;São Paulo;SP;35;Cubatão;3513504;São Paulo;3501;Santos;350002;Cubatão;351350405;;;CARROSSEL NUCLEO DE EDUCACAO INFANTIL;35460795;2;4;1;1;0;1;1;231;231;231;0;0;0;0;0;0;0;0;0;0;0;0;0;0;0;0;0;0;0;0;0;0;0;0;0;0;0;0;0;0;0;0;0;0;0;0;0;0;0;0;0;0;0;0;0;0;0;0;0;0;0;0;0;0;0;0;0;0;0;0;0;0;0;0;0;0;0;0;0;0;0;0;0;0;0;0;0;0;0;0;0;0;0;0;0;0;0;0;0;0;0;0;0;0;0;0;0;0;0;0;0;0;0;0;0;0;0;0;0;0;0;0;0;0;0;0;0;0;0;0;0;0;116;115;51;94;7;79;0;0;218;13;0;0;0;0;231;0;0;0;0;0;231;49;182;0;0;231;49;182;0;0;0;0;0;0;0;0;0;0;0;0;0;0;0;0;0;0;0;0;0;0;0;0;0;0;0;0;0;0;0;0;0;0;0;0;0;0;0;0;0;0;0;0;0;0;0;0;0;0;0;0;0;0;0;0;0;0;0;0;0;0;156;156;156;0;0;0;0;0;0;0;0;0;0;0;0;0;0;228;3;0;0;0;0
2025;Sudeste;3;São Paulo;SP;35;Cubatão;3513504;São Paulo;3501;Santos;350002;Cubatão;351350405;;;APARECIDA CARLOS ANTONIO VIDAL;35462664;1;2;;1;0;0;;425;0;0;0;425;425;75;71;88;88;103;0;0;0;0;0;0;0;0;0;0;0;0;0;0;0;0;0;0;0;0;0;0;0;0;0;0;0;0;0;0;0;0;0;0;0;0;0;0;0;0;0;0;0;0;0;0;0;0;0;0;0;0;0;0;0;0;0;0;0;0;0;0;0;0;0;0;0;0;0;0;0;0;0;0;0;36;0;0;0;36;36;0;0;0;0;0;0;0;36;0;0;0;36;36;0;0;0;0;0;0;0;0;0;0;0;0;0;0;0;0;0;0;0;0;219;206;51;197;18;159;0;0;0;0;398;27;0;0;0;0;416;9;0;0;425;219;206;0;0;0;0;0;0;0;0;0;0;425;219;206;0;425;219;206;0;0;0;0;0;0;0;0;0;0;0;0;0;0;0;0;0;0;0;0;0;0;0;0;0;0;0;0;0;0;0;0;0;0;0;36;21;15;0;0;36;21;15;0;0;0;0;0;0;0;0;0;0;0;0;0;0;0;0;0;0;0;0;0;0;0;0;424;1;0;0;0;0
2025;Sudeste;3;São Paulo;SP;35;Cubatão;3513504;São Paulo;3501;Santos;350002;Cubatão;351350405;;;MARIA DO ROSARIO LOPES FRANCO PROFESSORA UME;35466414;1;3;;1;0;0;;453;0;0;0;453;453;71;72;86;114;110;0;0;0;0;0;0;0;0;0;0;0;0;0;0;0;0;0;0;0;0;0;0;0;0;0;0;0;0;0;0;0;0;0;0;0;0;0;0;0;0;0;0;0;0;0;0;0;0;0;0;0;0;0;0;0;0;0;0;0;0;0;0;0;0;0;0;0;0;0;0;0;0;0;0;0;41;0;0;0;41;41;0;0;0;0;0;0;0;41;0;0;0;41;41;0;0;0;0;0;0;0;0;0;0;0;0;0;0;0;0;0;0;0;0;222;231;53;204;16;180;0;0;0;0;409;44;0;0;0;0;431;22;0;0;453;215;238;0;0;0;0;0;0;0;0;0;0;453;215;238;0;453;215;238;0;0;0;0;0;0;0;0;0;0;0;0;0;0;0;0;0;0;0;0;0;0;0;0;0;0;0;0;0;0;0;0;0;0;0;41;18;23;0;0;41;18;23;0;0;0;0;0;0;0;32;0;0;0;32;32;0;0;0;0;0;0;0;32;32;0;0;449;4;0;0;0;0
2025;Sudeste;3;São Paulo;SP;35;Cubatão;3513504;São Paulo;3501;Santos;350002;Cubatão;351350405;;;MARTA JOSETE RAMOS IMPALEA PROFA CEU UNIDADE I;35468514;1;3;;1;0;0;;115;115;115;0;0;0;0;0;0;0;0;0;0;0;0;0;0;0;0;0;0;0;0;0;0;0;0;0;0;0;0;0;0;0;0;0;0;0;0;0;0;0;0;0;0;0;0;0;0;0;0;0;0;0;0;0;0;0;0;0;0;0;0;0;0;0;0;0;0;0;0;0;0;0;0;0;0;0;0;0;0;0;0;0;0;0;2;2;2;0;0;0;0;0;0;0;0;0;0;2;2;2;0;0;0;0;0;0;0;0;0;0;0;0;0;0;0;0;0;0;0;0;0;0;0;53;62;10;56;4;45;0;0;108;7;0;0;0;0;115;0;0;0;0;0;115;10;105;0;0;115;10;105;0;0;0;0;0;0;0;0;0;0;0;0;0;0;0;0;0;0;0;0;0;0;0;0;0;0;0;0;0;0;0;0;0;0;0;0;0;0;0;0;0;0;0;0;0;0;0;2;0;2;0;0;2;0;2;0;0;0;0;0;0;0;83;83;83;0;0;0;0;0;0;0;0;0;0;2;2;0;0;108;7;0;0;0;0
2025;Sudeste;3;São Paulo;SP;35;Cubatão;3513504;São Paulo;3501;Santos;350002;Cubatão;351350405;;;PARQUE DOS SONHOS 9A;35474859;1;2;;1;0;0;;536;0;0;0;536;259;23;53;59;58;66;277;74;64;78;61;0;0;0;0;0;0;0;0;0;0;0;0;0;0;0;0;0;0;0;0;0;0;0;0;0;0;0;0;0;0;0;0;0;0;0;0;0;0;0;0;0;0;0;0;0;0;0;0;0;0;0;0;0;0;0;0;0;0;0;0;0;0;0;0;0;0;0;0;0;0;16;0;0;0;16;10;6;0;0;0;0;0;0;16;0;0;0;16;10;6;0;0;0;0;0;0;0;0;0;0;0;0;0;0;0;0;0;0;0;273;263;66;214;24;231;0;1;0;0;247;275;14;0;0;0;257;274;5;0;536;536;0;0;0;0;0;0;0;0;0;0;0;536;536;0;0;259;259;0;0;277;277;0;0;0;0;0;0;0;0;0;0;0;0;0;0;0;0;0;0;0;0;0;0;0;0;0;0;0;0;0;0;0;0;16;16;0;0;0;16;16;0;0;0;0;0;0;0;0;536;0;0;0;536;259;277;0;0;0;0;0;0;16;16;0;0;534;2;0;0;0;0
2025;Sudeste;3;São Paulo;SP;35;Cubatão;3513504;São Paulo;3501;Santos;350002;Cubatão;351350405;;;WALDOMIRO MARIANI PROFESSOR;35474873;1;2;;1;0;0;;625;0;0;0;252;0;0;0;0;0;0;252;65;55;60;72;336;136;91;109;0;0;266;136;59;71;0;0;70;70;0;0;0;32;38;0;0;0;0;0;0;0;0;0;0;0;0;0;0;0;0;130;130;130;0;0;130;130;0;0;98;98;0;0;0;0;0;0;70;70;0;0;0;0;0;0;37;0;0;0;0;0;37;37;0;0;30;0;0;0;13;0;13;15;2;2;2;0;2;30;0;0;0;13;0;13;15;2;2;2;0;2;0;0;0;0;0;0;0;0;0;0;0;0;0;319;306;95;274;10;241;3;2;0;0;1;215;340;69;0;0;1;227;346;51;549;369;180;76;0;0;0;0;0;0;0;0;0;252;72;180;0;0;0;0;0;252;72;180;0;297;297;0;39;0;70;70;0;0;0;70;70;0;0;0;0;0;0;37;0;0;0;0;0;0;0;0;0;37;0;28;20;8;2;0;28;20;8;2;0;0;0;0;0;0;0;0;0;0;0;0;0;0;0;0;0;0;0;0;0;0;0;618;7;0;1;1;0
2025;Sudeste;3;São Paulo;SP;35;Cubatão;3513504;São Paulo;3501;Santos;350002;Cubatão;351350405;;;ANA LUIZA VICTOR DO COUTO UNIDADE MUNICIPAL DE ENSINO;35480678;1;3;;1;0;0;;131;131;64;67;0;0;0;0;0;0;0;0;0;0;0;0;0;0;0;0;0;0;0;0;0;0;0;0;0;0;0;0;0;0;0;0;0;0;0;0;0;0;0;0;0;0;0;0;0;0;0;0;0;0;0;0;0;0;0;0;0;0;0;0;0;0;0;0;0;0;0;0;0;0;0;0;0;0;0;0;0;0;0;0;0;0;5;5;0;5;0;0;0;0;0;0;0;0;0;5;5;0;5;0;0;0;0;0;0;0;0;0;0;0;0;0;0;0;0;0;0;0;0;0;0;66;65;75;38;4;14;0;0;60;65;6;0;0;0;64;67;0;0;0;0;131;41;90;0;0;64;17;47;0;67;24;43;0;0;0;0;0;0;0;0;0;0;0;0;0;0;0;0;0;0;0;0;0;0;0;0;0;0;0;0;0;0;0;0;0;0;0;0;0;0;0;0;0;0;0;5;2;3;0;0;5;2;3;0;0;0;0;0;0;0;55;55;22;33;0;0;0;0;0;0;0;0;0;1;1;0;0;131;0;0;0;0;0
2025;Sudeste;3;São Paulo;SP;35;Cubatão;3513504;São Paulo;3501;Santos;350002;Cubatão;351350405;;;BALAO MAGICO CENTRO DE EDUCACAO;35499894;2;4;1;1;0;1;1;50;50;44;6;0;0;0;0;0;0;0;0;0;0;0;0;0;0;0;0;0;0;0;0;0;0;0;0;0;0;0;0;0;0;0;0;0;0;0;0;0;0;0;0;0;0;0;0;0;0;0;0;0;0;0;0;0;0;0;0;0;0;0;0;0;0;0;0;0;0;0;0;0;0;0;0;0;0;0;0;0;0;0;0;0;0;3;3;3;0;0;0;0;0;0;0;0;0;0;3;3;3;0;0;0;0;0;0;0;0;0;0;0;0;0;0;0;0;0;0;0;0;0;0;0;20;30;6;30;0;14;0;0;40;10;0;0;0;0;44;6;0;0;0;0;50;29;21;0;0;44;29;15;0;6;0;6;0;0;0;0;0;0;0;0;0;0;0;0;0;0;0;0;0;0;0;0;0;0;0;0;0;0;0;0;0;0;0;0;0;0;0;0;0;0;0;0;0;0;0;3;1;2;0;0;3;1;2;0;0;0;0;0;0;0;9;9;9;0;0;0;0;0;0;0;0;0;0;0;0;0;0;50;0;0;0;0;0
2025;Sudeste;3;São Paulo;SP;35;Cubatão;3513504;São Paulo;3501;Santos;350002;Cubatão;351350405;;;ESCOLA DE EDUCACAO INFANTIL UNIVERSO COLORIDO;35577182;2;4;1;1;0;0;;25;25;0;25;0;0;0;0;0;0;0;0;0;0;0;0;0;0;0;0;0;0;0;0;0;0;0;0;0;0;0;0;0;0;0;0;0;0;0;0;0;0;0;0;0;0;0;0;0;0;0;0;0;0;0;0;0;0;0;0;0;0;0;0;0;0;0;0;0;0;0;0;0;0;0;0;0;0;0;0;0;0;0;0;0;0;0;0;0;0;0;0;0;0;0;0;0;0;0;0;0;0;0;0;0;0;0;0;0;0;0;0;0;0;0;0;0;0;0;0;0;0;0;0;0;8;17;3;16;1;5;0;0;0;24;1;0;0;0;0;25;0;0;0;0;25;15;10;0;0;0;0;0;0;25;15;10;0;0;0;0;0;0;0;0;0;0;0;0;0;0;0;0;0;0;0;0;0;0;0;0;0;0;0;0;0;0;0;0;0;0;0;0;0;0;0;0;0;0;0;0;0;0;0;0;0;0;0;0;0;0;0;0;0;0;0;0;0;0;0;0;0;0;0;0;0;0;0;0;0;0;0;25;0;0;0;0;0
2025;Sudeste;3;São Paulo;SP;35;Cubatão;3513504;São Paulo;3501;Santos;350002;Cubatão;351350405;;;ESCOLA UNIVERSO COLORIDO PREMIUM;35585099;2;4;1;1;0;0;;107;0;0;0;107;91;21;21;13;18;18;16;16;0;0;0;0;0;0;0;0;0;0;0;0;0;0;0;0;0;0;0;0;0;0;0;0;0;0;0;0;0;0;0;0;0;0;0;0;0;0;0;0;0;0;0;0;0;0;0;0;0;0;0;0;0;0;0;0;0;0;0;0;0;0;0;0;0;0;0;0;0;0;0;0;0;9;0;0;0;9;7;2;0;0;0;0;0;0;9;0;0;0;9;7;2;0;0;0;0;0;0;0;0;0;0;0;0;0;0;0;0;0;0;0;56;51;12;59;2;28;6;0;0;0;92;15;0;0;0;0;93;14;0;0;107;46;61;0;0;0;0;0;0;0;0;0;0;107;46;61;0;91;46;45;0;16;0;16;0;0;0;0;0;0;0;0;0;0;0;0;0;0;0;0;0;0;0;0;0;0;0;0;0;0;0;0;0;0;0;9;2;7;0;0;9;2;7;0;0;0;0;0;0;0;0;0;0;0;0;0;0;0;0;0;0;0;0;0;0;0;0;102;5;0;0;0;0
2025;Sudeste;3;São Paulo;SP;35;Cubatão;3513504;São Paulo;3501;Santos;350002;Cubatão;351350405;;;IFSP - CAMPUS CUBATAO;35923242;1;1;;1;0;0;;603;0;0;0;0;0;0;0;0;0;0;0;0;0;0;0;456;118;114;118;106;0;0;0;0;0;0;0;456;456;0;0;118;114;118;106;0;0;0;0;0;0;0;0;0;0;0;0;0;0;0;0;0;0;0;0;0;0;0;0;0;0;0;0;0;0;0;0;603;553;26;71;0;50;0;0;50;0;0;0;0;0;50;0;50;0;31;0;0;0;0;0;0;23;31;28;3;0;3;31;0;0;0;0;0;0;23;31;28;3;0;3;0;0;0;0;0;0;0;0;0;0;0;0;0;284;319;123;297;15;165;3;0;0;0;0;3;337;263;0;0;0;9;356;238;456;162;294;147;0;0;0;0;0;0;0;0;0;0;0;0;0;0;0;0;0;0;0;0;0;456;162;294;0;0;456;162;294;147;0;456;162;294;97;0;0;0;0;50;0;0;0;0;0;0;0;0;0;50;0;23;9;14;8;0;23;9;14;8;0;0;0;0;0;0;0;0;0;0;0;0;0;0;0;0;0;0;0;0;0;0;0;592;11;0;0;0;0
