NU_ANO_CENSO;NO_REGIAO;CO_REGIAO;NO_UF;SG_UF;CO_UF;NO_MUNICIPIO;CO_MUNICIPIO;NO_REGIAO_GEOG_INTERM;CO_REGIAO_GEOG_INTERM;NO_REGIAO_GEOG_IMED;CO_REGIAO_GEOG_IMED;NO_DISTRITO;CO_DISTRITO;NO_SUBDISTRITO;CO_SUBDISTRITO;NO_ENTIDADE;CO_ENTIDADE;CO_REDE;TP_DEPENDENCIA;TP_CATEGORIA_ESCOLA_PRIVADA;TP_LOCALIZACAO;TP_LOCALIZACAO_DIFERENCIADA;IN_PODER_PUBLICO_PARCERIA;TP_PODER_PUBLICO_PARCERIA;QT_DOC_BAS;QT_DOC_INF;QT_DOC_INF_CRE;QT_DOC_INF_PRE;QT_DOC_FUND;QT_DOC_FUND_AI;QT_DOC_FUND_AI_1;QT_DOC_FUND_AI_2;QT_DOC_FUND_AI_3;QT_DOC_FUND_AI_4;QT_DOC_FUND_AI_5;QT_DOC_FUND_AI_MULTIETAPA;QT_DOC_FUND_AF;QT_DOC_FUND_AF_6;QT_DOC_FUND_AF_7;QT_DOC_FUND_AF_8;QT_DOC_FUND_AF_9;QT_DOC_FUND_AF_MULTI;QT_DOC_FUND_AF_CORRFLUXO;QT_DOC_MED;QT_DOC_MED_1;QT_DOC_MED_2;QT_DOC_MED_3;QT_DOC_MED_4;QT_DOC_MED_NS;QT_DOC_MED_PROP;QT_DOC_MED_PROP_1;QT_DOC_MED_PROP_2;QT_DOC_MED_PROP_3;QT_DOC_MED_PROP_4;QT_DOC_MED_PROP_NS;QT_DOC_MED_IFTP_CT;QT_DOC_MED_IFTP_CT_1;QT_DOC_MED_IFTP_CT_2;QT_DOC_MED_IFTP_CT_3;QT_DOC_MED_IFTP_CT_4;QT_DOC_MED_IFTP_CT_NS;QT_DOC_MED_IFTP_QP;QT_DOC_MED_IFTP_QP_1;QT_DOC_MED_IFTP_QP_2;QT_DOC_MED_IFTP_QP_3;QT_DOC_MED_IFTP_QP_4;QT_DOC_MED_IFTP_QP_NS;QT_DOC_MED_NM;QT_DOC_MED_NM_1;QT_DOC_MED_NM_2;QT_DOC_MED_NM_3;QT_DOC_MED_NM_4;QT_DOC_PROF;QT_DOC_PROF_TEC;QT_DOC_PROF_TEC_CONC;QT_DOC_PROF_TEC_SUBS;QT_DOC_PROF_TEC_MISTO;QT_DOC_PROF_TEC_IFTP_CT;QT_DOC_PROF_NAO_TEC;QT_DOC_PROF_IFTP_QP;QT_DOC_PROF_FIC_CONC;QT_DOC_EJA;QT_DOC_EJA_FUND;QT_DOC_EJA_FUND_NPROF;QT_DOC_EJA_FUND_AI;QT_DOC_EJA_FUND_AF;QT_DOC_EJA_FUND_FIC;QT_DOC_EJA_MED;QT_DOC_EJA_MED_NPROF;QT_DOC_EJA_MED_FIC;QT_DOC_EJA_MED_TEC;QT_DOC_ESP;QT_DOC_ESP_CC;QT_DOC_ESP_CE;QT_DOC_BAS_FEM;QT_DOC_BAS_MASC;QT_DOC_BAS_ND;QT_DOC_BAS_BRANCA;QT_DOC_BAS_PRETA;QT_DOC_BAS_PARDA;QT_DOC_BAS_AMARELA;QT_DOC_BAS_INDIGENA;QT_DOC_BAS_0_24;QT_DOC_BAS_25_29;QT_DOC_BAS_30_39;QT_DOC_BAS_40_49;QT_DOC_BAS_50_54;QT_DOC_BAS_55_59;QT_DOC_BAS_60_MAIS;QT_DOC_BAS_PCD;QT_DOC_BAS_ZR_URB;QT_DOC_BAS_ZR_RUR;QT_DOC_BAS_ZR_NA;QT_DOC_BAS_ESCO_EF;QT_DOC_BAS_ESCO_EM;QT_DOC_BAS_ESCO_SUP_GRAD;QT_DOC_BAS_ESCO_SUP_GRAD_LICEN;QT_DOC_BAS_ESCO_SUP_GRAD_SLICEN;QT_DOC_BAS_ESCO_SUP_POS_ESPEC;QT_DOC_BAS_ESCO_SUP_POS_MESTRA;QT_DOC_BAS_ESCO_SUP_POS_DOUTO;QT_DOC_BAS_ESCO_SUP_POS_NENHUM;QT_DOC_BAS_VINCULO_CONCUR;QT_DOC_BAS_VINCULO_CONTRA;QT_DOC_BAS_VINCULO_TERCEIR;QT_DOC_BAS_VINCULO_CLT;QT_DOC_BAS_DOCENTE;QT_DOC_BAS_AUXILIAR;QT_DOC_BAS_PROFI_MONITOR;QT_DOC_BAS_TRADUTOR_LIBRAS;QT_DOC_BAS_TITULAR_EAD;QT_DOC_BAS_TUTOR_AUX_EAD;QT_DOC_BAS_GUIA_INTERPRETE;QT_DOC_BAS_APOIO_PCD;QT_DOC_BAS_INSTRUTOR_EP;QT_DOC_BAS_ESPEC_CRE;QT_DOC_BAS_ESPEC_PRE_ESCOLA;QT_DOC_BAS_ESPEC_ANOS_INICIAIS;QT_DOC_BAS_ESPEC_ANOS_FINAIS;QT_DOC_BAS_ESPEC_ENS_MEDIO;QT_DOC_BAS_ESPEC_EJA;QT_DOC_BAS_ESPEC_ED_ESPECIAL;QT_DOC_BAS_ESPEC_BIL_SURDOS;QT_DOC_BAS_ESPEC_ED_INDIGENA;QT_DOC_BAS_ESPEC_CAMPO;QT_DOC_BAS_ESPEC_AMBIENTAL;QT_DOC_BAS_ESPEC_DIR_HUMANOS;QT_DOC_BAS_ESPEC_DIV_SEXUAL;QT_DOC_BAS_ESPEC_DIR_ADOLESC;QT_DOC_BAS_ESPEC_AFRO;QT_DOC_BAS_ESPEC_GESTAO;QT_DOC_BAS_ESPEC_EDUC_TIC;QT_DOC_BAS_ESPEC_OUTROS;QT_DOC_BAS_ESPEC_NENHUM;QT_DOC_BAS_DISC_LINGUA_PORT;QT_DOC_BAS_DISC_EDUC_FISICA;QT_DOC_BAS_DISC_ARTES;QT_DOC_BAS_DISC_LINGUA_ING;QT_DOC_BAS_DISC_LINGUA_ESPA;QT_DOC_BAS_DISC_LINGUA_FRANC;QT_DOC_BAS_DISC_LINGUA_OUTRA;QT_DOC_BAS_DISC_LIBRAS;QT_DOC_BAS_DISC_LINGUA_INDIG;QT_DOC_BAS_DISC_PORT_SEG_LINGUA;QT_DOC_BAS_DISC_MATEMATICA;QT_DOC_BAS_DISC_CIENCIAS;QT_DOC_BAS_DISC_FISICA;QT_DOC_BAS_DISC_QUIMICA;QT_DOC_BAS_DISC_BIOLOGIA;QT_DOC_BAS_DISC_HISTORIA;QT_DOC_BAS_DISC_GEOGRAFIA;QT_DOC_BAS_DISC_SOCIOLOGIA;QT_DOC_BAS_DISC_FILOSOFIA;QT_DOC_BAS_DISC_EST_SOCIAIS;QT_DOC_BAS_DISC_EST_SOCIAIS_SOCI;QT_DOC_BAS_DISC_INFO_COMPUTACAO;QT_DOC_BAS_DISC_ENSINO_RELIGIOSO;QT_DOC_BAS_DISC_PROFISSIONA;QT_DOC_BAS_DISC_ESTAGIO_SUPER;QT_DOC_BAS_DISC_PEDAGOGICAS;QT_DOC_BAS_DISC_PROJETO_DE_VIDA;QT_DOC_BAS_DISC_OUTRAS;QT_DOC_BAS_LIBRAS
2025;Sudeste;3;São Paulo;SP;35;Cubatão;3513504;São Paulo;3501;Santos;350002;Cubatão;351350405;;;CENTRO EDUCACIONAL OBJETIVO CUBATAO;35005363;2;4;1;1;0;0;;19;0;0;0;17;8;4;4;4;5;5;0;11;10;11;11;11;0;0;13;13;12;13;0;0;13;13;12;13;0;0;0;0;0;0;0;0;0;0;0;0;0;0;0;0;0;0;0;0;0;0;0;0;0;0;0;0;0;0;0;0;0;0;0;0;0;0;16;16;0;11;8;1;9;3;6;0;0;0;4;5;5;2;3;0;0;2;0;17;0;2;17;17;0;4;0;0;13;0;0;0;0;19;0;0;0;0;0;0;0;0;0;0;0;1;1;0;0;0;0;0;0;0;0;0;0;0;0;1;17;6;1;5;1;0;0;0;0;0;0;6;5;1;1;1;5;5;1;1;0;1;0;0;0;0;0;0;9;0
2025;Sudeste;3;São Paulo;SP;35;Cubatão;3513504;São Paulo;3501;Santos;350002;Cubatão;351350405;;;V N COSTA NUCLEO DE EDUCACAO INFANTIL;35005609;2;4;1;1;0;1;1;4;4;4;0;0;0;0;0;0;0;0;0;0;0;0;0;0;0;0;0;0;0;0;0;0;0;0;0;0;0;0;0;0;0;0;0;0;0;0;0;0;0;0;0;0;0;0;0;0;0;0;0;0;0;0;0;0;0;0;0;0;0;0;0;0;0;0;1;1;0;4;0;0;1;2;1;0;0;0;1;3;0;0;0;0;0;0;0;4;0;0;4;4;0;0;0;0;4;0;0;0;0;4;3;0;0;0;0;0;0;0;0;0;0;0;0;0;0;0;0;0;0;0;0;0;0;0;0;0;4;0;0;0;0;0;0;0;0;0;0;0;0;0;0;0;0;0;0;0;0;0;0;0;0;0;0;0;0;0
2025;Sudeste;3;São Paulo;SP;35;Cubatão;3513504;São Paulo;3501;Santos;350002;Cubatão;351350405;;;COLEGIO CRERSER EDUCACAO INFANTIL;35006532;2;4;3;1;0;0;;5;4;3;2;1;1;1;0;0;0;0;0;0;0;0;0;0;0;0;0;0;0;0;0;0;0;0;0;0;0;0;0;0;0;0;0;0;0;0;0;0;0;0;0;0;0;0;0;0;0;0;0;0;0;0;0;0;0;0;0;0;0;0;0;0;0;0;1;1;0;5;0;0;3;1;1;0;0;0;1;3;1;0;0;0;0;0;0;5;0;0;5;5;0;0;0;0;5;0;0;0;0;5;0;0;0;0;0;0;0;0;0;0;0;0;0;0;0;0;0;0;0;0;0;0;0;0;0;0;5;1;1;1;1;0;0;0;0;0;0;1;1;0;0;0;1;1;0;0;0;0;0;1;0;0;0;0;1;0
2025;Sudeste;3;São Paulo;SP;35;Cubatão;3513504;São Paulo;3501;Santos;350002;Cubatão;351350405;;;CRER SER CHRISTIAN BILINGUAL SCHOOL LTDA;35007846;2;4;1;1;0;0;;13;0;0;0;13;8;4;4;3;4;3;0;7;7;7;7;7;0;0;0;0;0;0;0;0;0;0;0;0;0;0;0;0;0;0;0;0;0;0;0;0;0;0;0;0;0;0;0;0;0;0;0;0;0;0;0;0;0;0;0;0;0;0;0;0;0;0;10;10;0;10;3;2;4;2;5;0;0;0;2;4;4;2;1;0;0;1;0;12;0;0;13;13;0;1;0;0;12;0;0;0;0;13;0;0;0;0;0;0;0;0;0;0;0;0;0;0;0;0;0;0;0;0;0;0;0;0;0;0;13;7;1;7;1;0;0;0;0;0;0;7;7;0;0;0;7;7;0;0;0;0;0;7;0;0;0;0;7;0
2025;Sudeste;3;São Paulo;SP;35;Cubatão;3513504;São Paulo;3501;Santos;350002;Cubatão;351350405;;;MARTA JOSETE RAMOS IMPALEA PROFA CEU UNIDADE III;35010151;1;3;;1;0;0;;25;0;0;0;25;25;11;12;6;8;7;0;0;0;0;0;0;0;0;0;0;0;0;0;0;0;0;0;0;0;0;0;0;0;0;0;0;0;0;0;0;0;0;0;0;0;0;0;0;0;0;0;0;0;0;0;0;0;0;0;0;0;0;0;0;0;0;22;22;0;20;5;1;17;2;5;0;0;1;2;6;11;3;2;0;0;25;0;0;0;0;25;25;0;11;1;1;13;25;0;0;0;25;4;0;0;0;0;0;0;0;1;3;1;1;1;0;2;0;0;0;0;0;0;0;0;0;0;2;19;8;4;2;1;0;0;0;0;0;0;8;8;0;0;0;8;8;0;0;0;0;0;0;0;0;0;0;18;0
2025;Sudeste;3;São Paulo;SP;35;Cubatão;3513504;São Paulo;3501;Santos;350002;Cubatão;351350405;;;COMPLEXO EDUCACIONAL GERALDO CARDOSO GUEDES EDUCACAO INFANTIL;35010727;1;3;;1;0;0;;32;32;21;11;0;0;0;0;0;0;0;0;0;0;0;0;0;0;0;0;0;0;0;0;0;0;0;0;0;0;0;0;0;0;0;0;0;0;0;0;0;0;0;0;0;0;0;0;0;0;0;0;0;0;0;0;0;0;0;0;0;0;0;0;0;0;0;20;20;0;32;0;2;18;4;8;0;0;1;1;8;16;4;1;1;0;32;0;0;0;0;32;32;0;15;0;0;17;32;0;0;0;32;0;0;0;0;0;0;0;0;1;2;0;0;0;0;1;0;0;0;0;0;0;0;0;0;0;2;27;0;0;0;0;0;0;0;0;0;0;0;0;0;0;0;0;0;0;0;0;0;0;0;0;0;0;0;0;0
2025;Sudeste;3;São Paulo;SP;35;Cubatão;3513504;São Paulo;3501;Santos;350002;Cubatão;351350405;;;COMPLEXO EDUCACIONAL GERALDO CARDOSO GUEDES ENSINO FUNDAMENTAL;35010730;1;3;;1;0;0;;28;0;0;0;28;28;18;8;7;9;6;0;0;0;0;0;0;0;0;0;0;0;0;0;0;0;0;0;0;0;0;0;0;0;0;0;0;0;0;0;0;0;0;0;0;0;0;0;0;0;0;0;0;0;0;0;0;0;0;0;0;0;0;0;0;0;0;28;28;0;21;7;1;15;1;11;0;0;0;2;9;10;4;1;2;0;28;0;0;0;2;26;26;0;12;1;1;13;28;0;0;0;28;0;0;0;0;0;0;0;0;0;2;0;1;1;1;1;0;0;0;0;0;0;0;0;0;0;2;25;21;5;2;1;0;0;0;0;0;0;21;21;0;0;0;21;21;0;0;0;0;0;0;0;0;0;0;21;0
2025;Sudeste;3;São Paulo;SP;35;Cubatão;3513504;São Paulo;3501;Santos;350002;Cubatão;351350405;;;HUMBERTO DE ALENCAR CASTELLO BRANCO MARECHAL;35011423;1;2;;1;0;0;;53;0;0;0;29;0;0;0;0;0;0;0;29;12;14;16;15;0;0;39;26;30;23;0;0;35;26;23;23;0;0;22;0;19;5;0;0;0;0;0;0;0;0;0;0;0;0;0;22;22;0;0;0;0;0;0;0;14;0;0;0;0;0;14;14;0;0;53;53;0;29;24;0;42;2;9;0;0;2;3;9;14;9;10;6;0;9;0;44;0;2;51;51;0;19;1;0;31;25;28;0;0;53;0;0;1;0;0;0;1;0;0;0;0;1;2;0;0;0;0;3;1;0;0;0;0;0;0;6;43;11;3;2;5;0;0;0;0;0;0;9;4;3;6;3;10;5;3;3;0;3;3;0;0;0;0;0;25;0
2025;Sudeste;3;São Paulo;SP;35;Cubatão;3513504;São Paulo;3501;Santos;350002;Cubatão;351350405;;;AFONSO SCHIMIDT;35011435;1;2;;1;0;0;;18;0;0;0;14;0;0;0;0;0;0;0;14;0;13;13;13;0;0;17;16;15;14;0;0;17;16;15;11;0;0;14;0;9;9;0;0;0;0;0;0;0;0;0;0;0;0;0;14;14;0;0;0;0;0;0;0;0;0;0;0;0;0;0;0;0;0;18;18;11;8;10;0;10;3;5;0;0;2;0;6;3;4;3;0;0;1;0;17;0;1;17;17;0;3;0;0;14;9;9;0;0;18;0;0;4;0;0;0;0;0;0;0;0;0;0;0;0;0;0;0;0;0;0;0;0;0;0;0;18;3;0;1;1;0;0;0;0;0;0;5;1;2;1;1;3;1;1;1;0;1;1;0;0;0;0;0;18;0
2025;Sudeste;3;São Paulo;SP;35;Cubatão;3513504;São Paulo;3501;Santos;350002;Cubatão;351350405;;;JULIO CONCEICAO;35011629;1;2;;1;0;0;;13;0;0;0;13;0;0;0;0;0;0;0;13;13;13;13;11;0;0;0;0;0;0;0;0;0;0;0;0;0;0;0;0;0;0;0;0;0;0;0;0;0;0;0;0;0;0;0;0;0;0;0;0;0;0;0;0;0;0;0;0;0;0;0;0;0;0;13;13;0;10;3;0;9;1;3;0;0;0;1;2;4;2;3;1;0;0;0;13;0;0;13;13;0;10;0;0;3;10;3;0;0;13;0;0;0;0;0;0;0;0;0;0;0;0;0;0;0;0;0;0;0;0;0;0;0;0;0;0;13;2;0;1;1;0;0;0;0;0;0;2;1;0;0;0;2;1;0;0;0;0;2;0;0;0;0;0;12;0
2025;Sudeste;3;São Paulo;SP;35;Cubatão;3513504;São Paulo;3501;Santos;350002;Cubatão;351350405;;;LINCOLN FELICIANO;35011630;1;2;;1;0;0;;23;0;0;0;23;0;0;0;0;0;0;0;23;15;16;11;12;0;0;0;0;0;0;0;0;0;0;0;0;0;0;0;0;0;0;0;0;0;0;0;0;0;0;0;0;0;0;0;0;0;0;0;0;0;0;0;0;0;0;0;0;0;0;0;0;0;0;23;23;0;18;5;0;12;3;8;0;0;1;1;5;7;2;1;6;0;4;0;19;0;1;22;22;0;8;0;0;14;11;12;0;0;23;0;0;1;0;0;0;0;0;0;0;0;2;2;2;1;0;0;0;1;0;0;0;0;0;0;1;20;3;0;2;1;0;0;0;0;0;0;4;3;0;0;0;3;4;0;0;0;0;3;0;0;0;0;0;12;0
2025;Sudeste;3;São Paulo;SP;35;Cubatão;3513504;São Paulo;3501;Santos;350002;Cubatão;351350405;;;ZENON CLEANTES DE MOURA PROFESSOR;35011642;1;2;;1;0;0;;16;0;0;0;12;0;0;0;0;0;0;0;12;8;8;10;10;0;0;12;10;9;8;0;0;12;10;9;8;0;0;11;0;8;6;0;0;0;0;0;0;0;0;0;0;0;0;0;11;11;0;0;0;0;0;0;0;0;0;0;0;0;0;0;0;0;0;16;16;0;11;5;0;10;1;5;0;0;1;2;6;4;2;0;1;0;0;0;16;0;0;16;16;0;1;0;0;15;3;13;0;0;16;0;0;0;0;0;0;0;0;0;1;0;0;0;0;0;0;0;0;0;0;0;0;0;0;0;0;15;4;0;1;1;0;0;0;0;0;0;5;1;1;1;1;2;1;1;1;0;1;1;0;0;0;0;0;16;0
2025;Sudeste;3;São Paulo;SP;35;Cubatão;3513504;São Paulo;3501;Santos;350002;Cubatão;351350405;;;JOSE DA COSTA PROFESSOR;35011685;1;2;;1;0;0;;50;0;0;0;0;0;0;0;0;0;0;0;0;0;0;0;0;0;0;49;34;38;29;0;0;47;34;34;27;0;0;17;0;14;7;0;0;0;0;0;0;0;0;0;0;0;0;0;17;17;0;0;0;0;0;0;0;17;0;0;0;0;0;17;17;0;0;48;48;0;30;20;0;37;3;9;0;1;1;3;9;15;7;9;6;0;12;0;38;0;6;44;43;1;13;1;0;30;25;25;0;0;50;0;0;0;0;0;0;0;0;0;0;0;0;0;0;0;0;0;0;0;0;0;0;0;0;0;1;49;11;1;1;4;0;0;0;0;0;0;8;0;6;4;4;5;5;5;4;0;5;0;0;0;0;0;0;30;0
2025;Sudeste;3;São Paulo;SP;35;Cubatão;3513504;São Paulo;3501;Santos;350002;Cubatão;351350405;;;MARIA HELENA DUARTE CAETANO PROFESSORA;35011691;1;2;;1;0;0;;20;0;0;0;16;8;4;4;4;4;4;0;10;9;9;9;10;0;0;14;10;11;11;0;0;14;10;11;11;0;0;0;0;0;0;0;0;0;0;0;0;0;0;0;0;0;0;0;0;0;0;0;0;0;0;0;0;0;0;0;0;0;0;0;0;0;0;17;17;0;14;6;0;11;1;8;0;0;0;1;3;4;6;1;5;0;4;0;16;0;2;18;18;0;4;1;0;13;4;16;0;0;20;0;0;0;0;0;0;0;0;0;0;0;0;0;0;0;0;0;0;0;0;0;0;0;0;0;1;19;7;0;2;1;0;0;0;0;0;0;7;6;1;2;1;6;6;1;1;0;1;3;0;0;0;0;0;15;0
2025;Sudeste;3;São Paulo;SP;35;Cubatão;3513504;São Paulo;3501;Santos;350002;Cubatão;351350405;;;ARY DE OLIVEIRA GARCIA PROFESSOR;35047818;1;2;;1;0;0;;30;0;0;0;0;0;0;0;0;0;0;0;0;0;0;0;0;0;0;30;23;22;25;0;0;30;23;22;25;0;0;0;0;0;0;0;0;0;0;0;0;0;0;0;0;0;0;0;0;0;0;0;0;0;0;0;0;0;0;0;0;0;0;0;0;0;0;30;30;0;18;12;0;16;5;8;0;1;2;1;3;7;8;5;4;0;5;0;25;0;2;28;28;0;5;3;1;20;17;13;0;0;30;0;0;0;0;0;0;0;0;0;0;0;0;0;0;0;0;0;0;0;0;0;0;0;0;0;1;29;6;2;1;2;0;0;0;0;0;0;6;0;5;3;3;3;2;2;3;0;2;1;0;0;0;0;0;24;0
2025;Sudeste;3;São Paulo;SP;35;Cubatão;3513504;São Paulo;3501;Santos;350002;Cubatão;351350405;;;ESTADO DA BAHIA UNIDADE MUNICIPAL DE ENSINO;35055773;1;3;;1;0;0;;13;13;0;13;0;0;0;0;0;0;0;0;0;0;0;0;0;0;0;0;0;0;0;0;0;0;0;0;0;0;0;0;0;0;0;0;0;0;0;0;0;0;0;0;0;0;0;0;0;0;0;0;0;0;0;0;0;0;0;0;0;0;0;0;0;0;0;13;13;0;11;2;1;7;2;3;0;0;0;0;1;7;1;1;3;0;9;0;4;0;0;13;13;0;9;1;1;3;13;0;0;0;13;0;0;0;0;0;0;0;0;0;1;0;0;0;0;0;0;0;1;0;0;0;0;0;0;0;0;11;0;0;0;0;0;0;0;0;0;0;0;0;0;0;0;0;0;0;0;0;0;0;0;0;0;0;0;0;0
2025;Sudeste;3;São Paulo;SP;35;Cubatão;3513504;São Paulo;3501;Santos;350002;Cubatão;351350405;;;ESTADO DE SAO PAULO UNIDADE MUNICIPAL DE ENSINO;35055785;1;3;;1;0;0;;20;20;0;20;0;0;0;0;0;0;0;0;0;0;0;0;0;0;0;0;0;0;0;0;0;0;0;0;0;0;0;0;0;0;0;0;0;0;0;0;0;0;0;0;0;0;0;0;0;0;0;0;0;0;0;0;0;0;0;0;0;0;0;0;0;0;0;20;18;2;16;4;1;15;2;2;0;0;0;0;4;8;7;1;0;0;18;0;2;0;1;19;19;0;10;0;0;9;20;1;0;0;20;0;0;0;0;0;0;0;0;0;1;0;0;0;1;0;0;0;0;0;0;0;0;0;0;0;0;18;0;0;0;0;0;0;0;0;0;0;0;0;0;0;0;0;0;0;0;0;0;0;0;0;0;0;0;0;0
2025;Sudeste;3;São Paulo;SP;35;Cubatão;3513504;São Paulo;3501;Santos;350002;Cubatão;351350405;;;ESTADO DO CEARA UNIDADE MUNICIPAL DE ENSINO;35055797;1;3;;1;0;0;;14;0;0;0;14;14;6;7;6;0;0;0;0;0;0;0;0;0;0;0;0;0;0;0;0;0;0;0;0;0;0;0;0;0;0;0;0;0;0;0;0;0;0;0;0;0;0;0;0;0;0;0;0;0;0;0;0;0;0;0;0;0;0;0;0;0;0;13;13;0;11;3;1;7;2;4;0;0;0;1;1;7;3;1;1;0;14;0;0;0;0;14;14;0;7;0;0;7;14;0;0;0;14;0;0;0;0;0;0;0;0;0;0;2;1;1;2;0;0;0;1;0;0;0;0;0;0;0;1;11;9;3;2;0;0;0;0;0;0;0;9;9;0;0;0;9;9;0;0;0;0;0;0;0;0;0;0;0;0
2025;Sudeste;3;São Paulo;SP;35;Cubatão;3513504;São Paulo;3501;Santos;350002;Cubatão;351350405;;;ESTADO DO AMAZONAS UNIDADE MUNICIPAL DE ENSINO;35055815;1;3;;1;0;0;;15;15;0;15;0;0;0;0;0;0;0;0;0;0;0;0;0;0;0;0;0;0;0;0;0;0;0;0;0;0;0;0;0;0;0;0;0;0;0;0;0;0;0;0;0;0;0;0;0;0;0;0;0;0;0;0;0;0;0;0;0;0;0;0;0;0;0;15;15;0;15;0;3;8;2;2;0;0;0;0;0;11;2;2;0;0;15;0;0;0;0;15;15;0;10;0;0;5;15;0;0;0;15;2;0;0;0;0;0;0;0;0;1;0;0;0;0;0;0;0;0;0;0;0;0;0;0;0;1;13;0;0;0;0;0;0;0;0;0;0;0;0;0;0;0;0;0;0;0;0;0;0;0;0;0;0;0;0;0
2025;Sudeste;3;São Paulo;SP;35;Cubatão;3513504;São Paulo;3501;Santos;350002;Cubatão;351350405;;;ALMERINDA MONTEIRO DE CARVALHO PROFA UME;35055827;1;3;;1;0;0;;15;15;0;15;0;0;0;0;0;0;0;0;0;0;0;0;0;0;0;0;0;0;0;0;0;0;0;0;0;0;0;0;0;0;0;0;0;0;0;0;0;0;0;0;0;0;0;0;0;0;0;0;0;0;0;0;0;0;0;0;0;0;0;0;0;0;0;13;13;0;15;0;3;9;1;2;0;0;0;0;0;8;3;3;1;0;6;0;9;0;0;15;15;0;12;0;0;3;15;0;0;0;15;0;0;0;0;0;0;0;0;0;0;0;0;0;0;0;0;0;0;0;0;0;0;0;0;0;0;15;0;0;0;0;0;0;0;0;0;0;0;0;0;0;0;0;0;0;0;0;0;0;0;0;0;0;0;0;0
2025;Sudeste;3;São Paulo;SP;35;Cubatão;3513504;São Paulo;3501;Santos;350002;Cubatão;351350405;;;ESTADO DE GOIAS UNIDADE MUNICIPAL DE ENSINO;35055840;1;3;;1;0;0;;13;13;0;13;0;0;0;0;0;0;0;0;0;0;0;0;0;0;0;0;0;0;0;0;0;0;0;0;0;0;0;0;0;0;0;0;0;0;0;0;0;0;0;0;0;0;0;0;0;0;0;0;0;0;0;0;0;0;0;0;0;0;0;0;0;0;0;12;12;0;10;3;0;8;1;4;0;0;0;2;2;5;3;0;1;0;13;0;0;0;0;13;13;0;6;0;0;7;13;0;0;0;13;0;0;0;0;0;0;0;0;0;0;0;0;0;0;0;0;0;0;0;0;0;0;0;0;0;0;13;0;0;0;0;0;0;0;0;0;0;0;0;0;0;0;0;0;0;0;0;0;0;0;0;0;0;0;0;0
2025;Sudeste;3;São Paulo;SP;35;Cubatão;3513504;São Paulo;3501;Santos;350002;Cubatão;351350405;;;BERNARDO JOSE MARIA LORENA UNIDADE MUNICIPAL DE ENSINO;35055852;1;3;;1;0;0;;77;0;0;0;72;25;0;3;4;11;13;0;49;15;21;18;10;0;0;0;0;0;0;0;0;0;0;0;0;0;0;0;0;0;0;0;0;0;0;0;0;0;0;0;0;0;0;0;0;0;0;0;0;0;0;0;0;12;12;12;2;10;0;0;0;0;0;73;73;0;45;32;3;55;4;15;0;0;0;5;21;22;7;8;14;0;43;0;34;0;0;77;77;0;36;7;3;36;77;0;0;0;77;0;0;0;0;0;0;0;0;0;1;3;1;1;1;0;0;0;1;0;0;0;0;0;0;0;2;72;30;5;9;7;0;0;2;0;0;0;28;26;0;0;0;24;24;0;0;0;0;0;2;0;0;0;0;0;0
2025;Sudeste;3;São Paulo;SP;35;Cubatão;3513504;São Paulo;3501;Santos;350002;Cubatão;351350405;;;MANOEL DA NOBREGA PADRE UNIDADE MUNICIPAL DE ENSINO;35055864;1;3;;1;0;0;;61;0;0;0;57;15;0;0;0;9;7;0;44;16;20;18;14;0;0;0;0;0;0;0;0;0;0;0;0;0;0;0;0;0;0;0;0;0;0;0;0;0;0;0;0;0;0;0;0;0;0;0;0;0;0;0;0;9;9;9;2;8;0;0;0;0;0;58;58;0;37;24;5;39;6;11;0;0;0;2;10;21;12;5;11;0;61;0;0;0;0;61;61;0;28;1;0;32;61;0;0;0;61;0;0;0;0;0;0;0;0;1;0;2;1;1;1;1;0;0;1;0;0;0;0;0;0;0;1;56;23;5;7;6;0;0;1;0;0;0;19;18;0;0;0;17;19;0;0;0;0;0;2;0;0;0;0;0;0
2025;Sudeste;3;São Paulo;SP;35;Cubatão;3513504;São Paulo;3501;Santos;350002;Cubatão;351350405;;;JOAO RAMALHO UNIDADE MUNICIPAL DE ENSINO;35055876;1;3;;1;0;0;;33;0;0;0;33;15;4;4;4;5;5;0;18;11;8;9;9;0;0;0;0;0;0;0;0;0;0;0;0;0;0;0;0;0;0;0;0;0;0;0;0;0;0;0;0;0;0;0;0;0;0;0;0;0;0;0;0;0;0;0;0;0;0;0;0;0;0;32;32;0;17;16;0;15;0;18;0;0;0;4;4;17;4;3;1;0;33;0;0;0;0;33;33;0;19;1;0;13;33;0;0;0;33;0;0;0;0;0;0;0;0;0;0;1;0;0;0;2;0;0;0;0;0;0;0;0;0;0;0;30;16;3;3;3;0;0;0;0;0;0;15;14;0;0;0;15;14;0;0;0;0;0;1;0;0;0;0;0;0
2025;Sudeste;3;São Paulo;SP;35;Cubatão;3513504;São Paulo;3501;Santos;350002;Cubatão;351350405;;;JOSE DE ANCHIETA PADRE UNIDADE MUNICIPAL DE ENSINO;35055888;1;3;;1;0;0;;58;0;0;0;51;25;5;5;7;7;8;0;29;15;13;11;9;0;0;0;0;0;0;0;0;0;0;0;0;0;0;0;0;0;0;0;0;0;0;0;0;0;0;0;0;0;0;0;0;0;0;0;0;0;0;0;0;11;11;11;1;10;0;0;0;0;0;53;53;0;39;19;7;37;4;10;0;0;0;1;3;25;14;9;6;0;27;0;31;0;0;58;58;0;33;2;0;23;58;0;0;0;58;0;0;0;0;0;0;0;0;0;0;1;2;2;0;1;0;0;1;0;1;0;0;1;1;0;4;50;27;4;6;4;0;0;1;0;0;0;28;26;0;0;0;24;23;0;0;0;0;0;2;0;0;0;0;0;0
2025;Sudeste;3;São Paulo;SP;35;Cubatão;3513504;São Paulo;3501;Santos;350002;Cubatão;351350405;;;ESTADO DO PARA UNIDADE MUNICIPAL DE ENSINO;35067763;1;3;;1;0;0;;16;16;16;1;0;0;0;0;0;0;0;0;0;0;0;0;0;0;0;0;0;0;0;0;0;0;0;0;0;0;0;0;0;0;0;0;0;0;0;0;0;0;0;0;0;0;0;0;0;0;0;0;0;0;0;0;0;0;0;0;0;0;0;0;0;0;0;9;9;0;16;0;0;7;3;6;0;0;0;0;4;10;1;1;0;0;16;0;0;0;1;15;14;1;7;0;0;8;16;0;0;0;16;0;0;0;0;0;0;0;0;0;0;1;0;0;0;2;0;0;0;0;0;1;1;0;1;0;1;14;0;0;0;0;0;0;0;0;0;0;0;0;0;0;0;0;0;0;0;0;0;0;0;0;0;0;0;0;0
2025;Sudeste;3;São Paulo;SP;35;Cubatão;3513504;São Paulo;3501;Santos;350002;Cubatão;351350405;;;ESTADO DE SANTA CATARINA UNIDADE MUNICIPAL DE ENSINO;35067775;1;3;;1;0;0;;20;20;20;0;0;0;0;0;0;0;0;0;0;0;0;0;0;0;0;0;0;0;0;0;0;0;0;0;0;0;0;0;0;0;0;0;0;0;0;0;0;0;0;0;0;0;0;0;0;0;0;0;0;0;0;0;0;0;0;0;0;0;0;0;0;0;0;16;16;0;19;1;1;9;2;8;0;0;0;6;9;4;1;0;0;0;20;0;0;0;1;19;18;1;6;0;0;13;20;0;0;0;20;0;0;0;0;0;0;0;0;0;0;0;0;0;0;0;0;0;0;0;0;0;0;0;0;0;0;20;0;0;0;0;0;0;0;0;0;0;0;0;0;0;0;0;0;0;0;0;0;0;0;0;0;0;0;0;0
2025;Sudeste;3;São Paulo;SP;35;Cubatão;3513504;São Paulo;3501;Santos;350002;Cubatão;351350405;;;ESTADO DO AMAPA UNIDADE MUNICIPAL DE ENSINO;35067787;1;3;;1;0;0;;17;14;0;14;7;7;7;0;0;0;0;0;0;0;0;0;0;0;0;0;0;0;0;0;0;0;0;0;0;0;0;0;0;0;0;0;0;0;0;0;0;0;0;0;0;0;0;0;0;0;0;0;0;0;0;0;0;0;0;0;0;0;0;0;0;0;0;13;13;0;15;2;1;6;5;5;0;0;0;0;5;6;1;4;1;0;17;0;0;0;0;17;17;0;7;0;0;10;17;0;0;0;17;0;0;0;0;0;0;0;0;0;3;2;2;1;1;0;0;0;0;0;0;0;0;0;0;0;0;13;3;2;2;0;0;0;0;0;0;0;3;3;0;0;0;3;3;0;0;0;0;0;0;0;0;0;0;2;0
2025;Sudeste;3;São Paulo;SP;35;Cubatão;3513504;São Paulo;3501;Santos;350002;Cubatão;351350405;;;RUI BARBOSA UNIDADE MUNICIPAL DE ENSINO;35067799;1;3;;1;0;0;;41;0;0;0;36;17;5;5;6;5;4;0;20;10;11;8;11;0;0;0;0;0;0;0;0;0;0;0;0;0;0;0;0;0;0;0;0;0;0;0;0;0;0;0;0;0;0;0;0;0;0;0;0;0;0;0;0;9;9;9;1;8;0;0;0;0;0;33;33;0;26;15;2;27;5;6;1;0;0;2;5;16;7;8;3;0;41;0;0;0;0;41;41;0;20;3;0;19;41;1;0;0;41;1;0;0;0;0;0;0;0;1;2;3;2;2;2;1;0;0;1;0;0;0;0;0;0;0;3;34;19;4;5;4;0;0;1;0;0;0;18;18;0;0;0;16;16;0;0;0;0;0;1;0;0;0;0;0;0
2025;Sudeste;3;São Paulo;SP;35;Cubatão;3513504;São Paulo;3501;Santos;350002;Cubatão;351350405;;;ESTADO DO TOCANTINS UNIDADE MUNICIPAL DE ENSINO;35068986;1;3;;1;0;0;;16;16;2;14;0;0;0;0;0;0;0;0;0;0;0;0;0;0;0;0;0;0;0;0;0;0;0;0;0;0;0;0;0;0;0;0;0;0;0;0;0;0;0;0;0;0;0;0;0;0;0;0;0;0;0;0;0;0;0;0;0;0;0;0;0;0;0;16;16;0;16;0;1;7;2;6;0;0;0;1;4;8;0;2;1;0;16;0;0;0;0;16;15;1;8;0;0;8;16;0;0;0;16;2;0;0;0;0;0;0;0;0;2;2;0;0;1;0;0;0;0;0;0;0;0;0;0;0;0;13;0;0;0;0;0;0;0;0;0;0;0;0;0;0;0;0;0;0;0;0;0;0;0;0;0;0;0;0;0
2025;Sudeste;3;São Paulo;SP;35;Cubatão;3513504;São Paulo;3501;Santos;350002;Cubatão;351350405;;;PRINCESA ISABEL UNIDADE MUNICIPAL DE ENSINO;35079212;1;3;;1;0;0;;9;0;0;0;5;0;0;0;0;0;0;0;5;0;0;0;0;5;0;4;0;0;0;0;4;4;0;0;0;0;4;0;0;0;0;0;0;0;0;0;0;0;0;0;0;0;0;0;0;0;0;0;0;0;0;0;0;0;0;0;0;0;0;0;0;0;0;9;0;9;8;1;1;6;0;2;0;0;0;1;3;2;2;1;0;0;9;0;0;0;0;9;9;0;4;0;0;5;9;1;0;0;9;0;0;0;0;0;0;0;0;1;1;0;0;0;0;2;0;0;0;0;0;0;0;0;0;0;1;7;0;0;0;0;0;0;0;0;0;0;0;0;0;0;0;0;0;0;0;0;0;0;0;0;0;0;0;9;0
2025;Sudeste;3;São Paulo;SP;35;Cubatão;3513504;São Paulo;3501;Santos;350002;Cubatão;351350405;;;ESTADO DO MATO GROSSO UNIDADE MUNICIPAL DE ENSINO;35087075;1;3;;1;0;0;;16;14;0;14;5;5;5;0;0;0;0;0;0;0;0;0;0;0;0;0;0;0;0;0;0;0;0;0;0;0;0;0;0;0;0;0;0;0;0;0;0;0;0;0;0;0;0;0;0;0;0;0;0;0;0;0;0;0;0;0;0;0;0;0;0;0;0;16;16;0;14;2;0;10;2;4;0;0;0;1;2;6;5;1;1;0;16;0;0;0;0;16;16;0;8;0;0;8;16;0;0;0;16;1;0;0;0;0;0;0;0;0;1;1;0;0;0;0;0;0;0;0;0;0;0;0;0;0;1;14;1;1;2;1;0;0;0;0;0;0;1;1;0;0;0;1;1;0;0;0;0;0;0;0;0;0;0;2;0
2025;Sudeste;3;São Paulo;SP;35;Cubatão;3513504;São Paulo;3501;Santos;350002;Cubatão;351350405;;;DOM PEDRO I UNIDADE MUNICIPAL DE ENSINO;35092101;1;3;;1;0;0;;52;0;0;0;39;39;12;12;12;11;12;0;0;0;0;0;0;0;0;0;0;0;0;0;0;0;0;0;0;0;0;0;0;0;0;0;0;0;0;0;0;0;0;0;0;0;0;0;0;0;0;0;0;0;0;0;0;13;13;13;2;11;0;0;0;0;0;38;38;0;36;16;3;28;6;15;0;0;0;4;11;17;6;5;9;0;52;0;0;0;1;51;51;0;21;0;1;30;52;0;0;0;52;0;0;0;0;0;0;0;0;0;1;2;0;0;0;3;1;0;0;0;0;0;0;0;0;0;1;45;34;4;6;2;0;0;3;0;0;0;35;33;0;0;0;34;33;0;0;0;0;0;1;0;0;0;0;30;0
2025;Sudeste;3;São Paulo;SP;35;Cubatão;3513504;São Paulo;3501;Santos;350002;Cubatão;351350405;;;ESTADO DE ALAGOAS UNIDADE MUNICIPAL DE ENSINO;35092137;1;3;;1;0;0;;12;5;0;5;9;9;5;4;4;3;0;0;0;0;0;0;0;0;0;0;0;0;0;0;0;0;0;0;0;0;0;0;0;0;0;0;0;0;0;0;0;0;0;0;0;0;0;0;0;0;0;0;0;0;0;0;0;0;0;0;0;0;0;0;0;0;0;9;9;0;11;1;1;5;1;5;0;0;0;1;4;6;1;0;0;0;12;0;0;0;0;12;12;0;6;0;0;6;12;0;0;0;12;0;0;0;0;0;0;0;0;1;1;2;0;0;1;0;0;0;0;0;0;1;0;0;0;0;1;10;7;1;1;0;0;0;0;0;0;0;7;7;0;0;0;7;7;0;0;0;0;0;0;0;0;0;0;0;0
2025;Sudeste;3;São Paulo;SP;35;Cubatão;3513504;São Paulo;3501;Santos;350002;Cubatão;351350405;;;ESTADO DE PERNAMBUCO UNIDADE MUNICIPAL DE ENSINO;35092149;1;3;;1;0;0;;12;12;0;12;0;0;0;0;0;0;0;0;0;0;0;0;0;0;0;0;0;0;0;0;0;0;0;0;0;0;0;0;0;0;0;0;0;0;0;0;0;0;0;0;0;0;0;0;0;0;0;0;0;0;0;0;0;0;0;0;0;0;0;0;0;0;0;9;9;0;11;1;2;7;1;2;0;0;0;0;2;5;3;2;0;0;12;0;0;0;0;12;11;1;5;0;0;7;12;0;0;0;12;0;0;0;0;0;0;0;0;0;0;0;0;0;0;0;0;0;1;0;0;0;0;0;0;0;0;11;0;0;0;0;0;0;0;0;0;0;0;0;0;0;0;0;0;0;0;0;0;0;0;0;0;0;0;0;0
2025;Sudeste;3;São Paulo;SP;35;Cubatão;3513504;São Paulo;3501;Santos;350002;Cubatão;351350405;;;ESTADO DE MINAS GERAIS UNIDADE MUNICIPAL DE ENSINO;35092162;1;3;;1;0;0;;14;14;0;14;0;0;0;0;0;0;0;0;0;0;0;0;0;0;0;0;0;0;0;0;0;0;0;0;0;0;0;0;0;0;0;0;0;0;0;0;0;0;0;0;0;0;0;0;0;0;0;0;0;0;0;0;0;0;0;0;0;0;0;0;0;0;0;14;14;0;9;5;0;7;2;5;0;0;0;0;3;7;2;1;1;0;14;0;0;0;0;14;14;0;6;0;0;8;14;1;0;0;14;0;0;0;0;0;0;3;0;1;1;0;0;0;0;0;0;0;0;0;0;0;0;0;0;0;1;12;0;0;0;0;0;0;0;0;0;0;0;0;0;0;0;0;0;0;0;0;0;0;0;0;0;0;0;0;0
2025;Sudeste;3;São Paulo;SP;35;Cubatão;3513504;São Paulo;3501;Santos;350002;Cubatão;351350405;;;ANTONIO ORTEGA DOMINGUES UNIDADE MUNICIPAL DE ENSINO;35096436;1;3;;1;0;0;;24;0;0;0;24;24;11;12;9;0;0;0;0;0;0;0;0;0;0;0;0;0;0;0;0;0;0;0;0;0;0;0;0;0;0;0;0;0;0;0;0;0;0;0;0;0;0;0;0;0;0;0;0;0;0;0;0;0;0;0;0;0;0;0;0;0;0;22;22;0;20;4;0;17;1;6;0;0;0;2;3;11;5;2;1;0;24;0;0;0;0;24;23;1;12;0;0;12;23;1;0;0;24;0;0;0;0;0;0;0;0;0;0;0;0;0;0;0;0;0;1;0;0;0;0;0;0;0;0;23;18;4;2;0;0;0;0;0;0;0;18;18;0;0;0;18;18;0;0;0;0;0;0;0;0;0;0;0;0
2025;Sudeste;3;São Paulo;SP;35;Cubatão;3513504;São Paulo;3501;Santos;350002;Cubatão;351350405;;;ESTADO DO RIO GRANDE DO SUL UNIDADE MUNICIPAL DE ENSINO;35096453;1;3;;1;0;0;;10;10;0;10;0;0;0;0;0;0;0;0;0;0;0;0;0;0;0;0;0;0;0;0;0;0;0;0;0;0;0;0;0;0;0;0;0;0;0;0;0;0;0;0;0;0;0;0;0;0;0;0;0;0;0;0;0;0;0;0;0;0;0;0;0;0;0;8;8;0;10;0;0;6;1;3;0;0;0;0;3;7;0;0;0;0;10;0;0;0;0;10;10;0;4;0;0;6;10;0;0;0;10;0;0;0;0;0;0;4;0;0;0;0;0;0;0;0;0;0;0;0;0;0;0;0;0;0;1;9;0;0;0;0;0;0;0;0;0;0;0;0;0;0;0;0;0;0;0;0;0;0;0;0;0;0;0;0;0
2025;Sudeste;3;São Paulo;SP;35;Cubatão;3513504;São Paulo;3501;Santos;350002;Cubatão;351350405;;;ESTADO DO ESPIRITO SANTO UNIDADE MUNICIPAL DE ENSINO;35121885;1;3;;1;0;0;;18;0;0;0;18;18;9;7;6;2;0;0;0;0;0;0;0;0;0;0;0;0;0;0;0;0;0;0;0;0;0;0;0;0;0;0;0;0;0;0;0;0;0;0;0;0;0;0;0;0;0;0;0;0;0;0;0;0;0;0;0;0;0;0;0;0;0;17;17;0;14;4;2;12;1;3;0;0;1;0;1;10;3;1;2;0;7;0;11;0;0;18;18;0;11;1;0;6;18;0;0;0;18;0;0;0;0;0;0;0;0;0;0;0;0;0;0;0;0;0;0;0;0;0;0;0;0;0;1;17;13;2;3;0;0;0;0;0;0;0;13;13;0;0;0;13;13;0;0;0;0;0;0;0;0;0;0;0;0
2025;Sudeste;3;São Paulo;SP;35;Cubatão;3513504;São Paulo;3501;Santos;350002;Cubatão;351350405;;;ANTONIO OLIVIERI FILHO PADRE UNIDADE MUNICIPAL DE ENSINO;35133644;1;3;;1;0;0;;28;0;0;0;28;28;9;9;8;10;8;0;0;0;0;0;0;0;0;0;0;0;0;0;0;0;0;0;0;0;0;0;0;0;0;0;0;0;0;0;0;0;0;0;0;0;0;0;0;0;0;0;0;0;0;0;0;0;0;0;0;0;0;0;0;0;0;16;16;0;22;6;0;18;2;7;1;0;0;1;2;17;4;1;3;0;9;0;19;0;0;28;28;0;16;0;0;12;28;0;0;0;28;3;0;0;0;0;0;0;0;2;2;2;1;1;0;1;0;0;0;0;0;0;0;0;0;0;1;25;20;3;2;3;0;0;0;0;0;0;20;20;0;0;0;20;20;0;0;0;0;0;0;0;0;0;0;20;0
2025;Sudeste;3;São Paulo;SP;35;Cubatão;3513504;São Paulo;3501;Santos;350002;Cubatão;351350405;;;HESSEL HORACIO CHERKASSKY ESCOLA SENAI;35148052;2;4;1;1;0;0;;18;0;0;0;0;0;0;0;0;0;0;0;0;0;0;0;0;0;0;5;0;0;0;0;0;0;0;0;0;0;0;0;0;0;0;0;0;0;0;0;0;0;0;0;0;0;0;0;18;18;9;4;4;5;0;0;0;0;0;0;0;0;0;0;0;0;0;14;11;0;1;17;0;8;3;7;0;0;0;0;1;8;5;1;3;0;5;0;13;0;1;17;13;4;4;0;0;13;0;0;0;0;16;0;0;0;4;0;0;0;2;0;0;1;0;0;1;0;0;0;0;0;0;0;0;0;0;0;4;14;0;0;0;0;0;0;0;0;0;0;0;0;0;0;0;0;0;0;0;0;0;0;0;14;0;0;0;0;0
2025;Sudeste;3;São Paulo;SP;35;Cubatão;3513504;São Paulo;3501;Santos;350002;Cubatão;351350405;;;ESCOLA SESI RIBEMONT LOPES DE FARIAS;35154271;2;4;1;1;0;0;;28;0;0;0;27;13;6;7;7;8;8;0;14;10;9;9;9;0;0;13;12;10;7;0;0;12;12;0;0;0;0;0;0;0;0;0;0;11;0;10;7;0;0;0;0;0;0;0;11;0;0;0;0;0;11;0;0;0;0;0;0;0;0;0;0;0;0;27;27;0;20;8;1;19;4;4;0;0;0;5;7;8;5;2;1;0;1;0;27;0;0;28;26;2;4;1;0;23;0;0;0;0;28;0;0;0;0;0;0;0;0;0;1;0;0;0;0;0;0;0;0;0;0;0;0;0;0;0;1;26;11;3;2;2;0;0;0;0;0;0;11;10;1;1;1;9;9;1;5;0;1;3;0;0;0;0;0;13;0
2025;Sudeste;3;São Paulo;SP;35;Cubatão;3513504;São Paulo;3501;Santos;350002;Cubatão;351350405;;;FORTEC ESCOLA TECNICA;35175024;2;4;1;1;0;0;;73;18;14;9;29;18;8;8;8;7;6;0;15;10;11;12;11;0;0;25;23;22;17;0;0;0;0;0;0;0;0;25;23;22;17;0;0;0;0;0;0;0;0;0;0;0;0;0;46;46;0;25;22;0;0;0;0;0;0;0;0;0;0;0;0;0;0;34;34;0;35;38;4;35;5;29;0;0;5;9;25;18;5;6;5;1;71;1;1;0;7;66;46;20;3;0;0;63;0;0;0;0;73;0;0;0;0;0;0;0;0;1;1;0;0;1;0;0;0;0;0;0;0;0;0;0;0;0;1;70;13;2;10;2;3;0;0;0;0;0;14;13;1;1;1;14;12;2;4;0;2;4;0;29;0;0;1;28;0
2025;Sudeste;3;São Paulo;SP;35;Cubatão;3513504;São Paulo;3501;Santos;350002;Cubatão;351350405;;;CUBATAO ATENEU;35189522;2;4;1;1;0;0;;1;0;0;0;1;1;1;0;0;0;0;0;0;0;0;0;0;0;0;0;0;0;0;0;0;0;0;0;0;0;0;0;0;0;0;0;0;0;0;0;0;0;0;0;0;0;0;0;0;0;0;0;0;0;0;0;0;0;0;0;0;0;0;0;0;0;0;0;0;0;1;0;0;0;0;1;0;0;0;0;0;1;0;0;0;0;0;0;1;0;1;0;0;0;0;0;0;0;0;0;0;0;1;0;0;0;0;0;0;0;0;0;0;0;0;0;0;0;0;0;0;0;0;0;0;0;0;0;0;1;1;0;0;0;0;0;0;0;0;0;1;0;0;0;0;0;0;0;0;0;0;0;0;0;0;0;0;0;0
2025;Sudeste;3;São Paulo;SP;35;Cubatão;3513504;São Paulo;3501;Santos;350002;Cubatão;351350405;;;LUIZ PIERUZZI NETTO PROF DR UNIDADE MUNICIPAL DE ENSINO;35193902;1;3;;1;0;0;;42;0;0;0;42;8;0;0;0;5;5;0;35;15;15;11;15;0;0;0;0;0;0;0;0;0;0;0;0;0;0;0;0;0;0;0;0;0;0;0;0;0;0;0;0;0;0;0;0;0;0;0;0;0;0;0;0;0;0;0;0;0;0;0;0;0;0;38;38;0;25;17;0;26;5;11;0;0;1;2;9;12;5;6;7;1;42;0;0;0;0;42;42;0;21;2;0;19;42;0;0;0;42;0;0;0;0;0;0;0;0;1;1;1;1;1;0;0;0;0;0;0;0;0;0;1;0;0;4;38;14;6;2;4;0;0;0;0;0;0;12;11;0;0;0;11;9;0;0;0;0;0;2;0;0;0;0;0;0
2025;Sudeste;3;São Paulo;SP;35;Cubatão;3513504;São Paulo;3501;Santos;350002;Cubatão;351350405;;;ESTADO DO ACRE UNIDADE MUNICIPAL DE ENSINO;35197359;1;3;;1;0;0;;9;9;5;4;0;0;0;0;0;0;0;0;0;0;0;0;0;0;0;0;0;0;0;0;0;0;0;0;0;0;0;0;0;0;0;0;0;0;0;0;0;0;0;0;0;0;0;0;0;0;0;0;0;0;0;0;0;0;0;0;0;0;0;0;0;0;0;6;6;0;7;2;0;3;0;6;0;0;0;1;1;4;2;0;1;0;4;0;5;0;0;9;9;0;6;0;0;3;9;0;0;0;9;2;0;0;0;0;0;0;0;1;1;1;0;0;1;1;0;0;0;0;0;1;0;0;0;0;1;7;0;0;0;0;0;0;0;0;0;0;0;0;0;0;0;0;0;0;0;0;0;0;0;0;0;0;0;0;0
2025;Sudeste;3;São Paulo;SP;35;Cubatão;3513504;São Paulo;3501;Santos;350002;Cubatão;351350405;;;ESTADO DO MARANHAO UNIDADE MUNICIPAL DE ENSINO;35197361;1;3;;1;0;0;;11;11;0;11;0;0;0;0;0;0;0;0;0;0;0;0;0;0;0;0;0;0;0;0;0;0;0;0;0;0;0;0;0;0;0;0;0;0;0;0;0;0;0;0;0;0;0;0;0;0;0;0;0;0;0;0;0;0;0;0;0;0;0;0;0;0;0;9;9;0;10;1;0;10;0;1;0;0;0;0;1;5;3;2;0;0;2;0;9;0;0;11;11;0;7;0;0;4;11;0;0;0;11;0;0;0;0;0;0;0;0;0;2;0;0;0;0;0;0;0;0;0;0;0;0;0;0;0;0;9;0;0;0;0;0;0;0;0;0;0;0;0;0;0;0;0;0;0;0;0;0;0;0;0;0;0;0;0;0
2025;Sudeste;3;São Paulo;SP;35;Cubatão;3513504;São Paulo;3501;Santos;350002;Cubatão;351350405;;;ARACY ESTEVES SOARES CAMPOS UNIDADE MUNICIPAL DE ENSINO;35198985;1;3;;1;0;0;;17;17;17;0;0;0;0;0;0;0;0;0;0;0;0;0;0;0;0;0;0;0;0;0;0;0;0;0;0;0;0;0;0;0;0;0;0;0;0;0;0;0;0;0;0;0;0;0;0;0;0;0;0;0;0;0;0;0;0;0;0;0;0;0;0;0;0;6;6;0;16;1;2;5;2;8;0;0;0;1;4;9;1;0;2;0;17;0;0;0;1;16;16;0;6;0;0;10;17;0;0;0;17;4;0;0;0;0;0;0;0;0;0;0;0;0;0;0;0;0;0;0;0;0;0;0;0;0;2;15;0;0;0;0;0;0;0;0;0;0;0;0;0;0;0;0;0;0;0;0;0;0;0;0;0;0;0;0;0
2025;Sudeste;3;São Paulo;SP;35;Cubatão;3513504;São Paulo;3501;Santos;350002;Cubatão;351350405;;;MARIO DE OLIVEIRA MOREIRA UNIDADE MUNICIPAL DE ENSINO;35198997;1;3;;1;0;0;;31;0;0;0;31;17;6;5;6;6;5;0;15;8;8;10;9;0;0;0;0;0;0;0;0;0;0;0;0;0;0;0;0;0;0;0;0;0;0;0;0;0;0;0;0;0;0;0;0;0;0;0;0;0;0;0;0;0;0;0;0;0;0;0;0;0;0;31;31;0;19;12;3;20;1;7;0;0;2;2;5;13;3;2;4;1;18;0;13;0;1;30;29;1;7;1;0;22;31;0;0;0;31;0;0;0;0;0;0;2;0;0;1;2;0;0;0;1;0;0;0;0;0;0;0;0;0;0;0;29;13;4;4;3;0;0;0;0;0;0;14;13;0;0;0;11;11;0;0;0;0;0;1;0;0;0;0;0;0
2025;Sudeste;3;São Paulo;SP;35;Cubatão;3513504;São Paulo;3501;Santos;350002;Cubatão;351350405;;;LUIZ GUSTAVO DE LIMA UNIDADE MUNICIPAL DE ENSINO;35199000;1;3;;1;0;0;;24;0;0;0;24;24;6;5;5;8;7;0;0;0;0;0;0;0;0;0;0;0;0;0;0;0;0;0;0;0;0;0;0;0;0;0;0;0;0;0;0;0;0;0;0;0;0;0;0;0;0;0;0;0;0;0;0;0;0;0;0;0;0;0;0;0;0;24;24;0;22;2;0;16;4;4;0;0;1;2;4;9;5;2;1;0;24;0;0;0;0;24;24;0;6;1;0;17;24;1;0;0;24;0;0;0;0;0;0;0;0;0;1;1;0;0;0;2;0;0;0;0;0;0;0;0;0;0;1;21;18;3;3;0;0;0;0;0;0;0;18;18;0;0;0;18;18;0;0;0;0;0;0;0;0;0;0;0;0
2025;Sudeste;3;São Paulo;SP;35;Cubatão;3513504;São Paulo;3501;Santos;350002;Cubatão;351350405;;;ELZA SILVA DOS SANTOS UNIDADE MUNICIPAL DE ENSINO;35209545;1;3;;1;0;0;;26;12;0;12;20;20;10;8;8;0;0;0;0;0;0;0;0;0;0;0;0;0;0;0;0;0;0;0;0;0;0;0;0;0;0;0;0;0;0;0;0;0;0;0;0;0;0;0;0;0;0;0;0;0;0;0;0;0;0;0;0;0;0;0;0;0;0;23;23;0;22;4;1;15;7;3;0;0;0;1;5;7;6;3;4;0;25;1;0;0;0;26;26;0;14;0;0;12;26;0;0;0;26;0;0;0;0;0;0;0;0;1;2;3;0;0;0;0;0;0;0;0;0;0;0;0;0;0;0;23;16;2;2;0;0;0;0;0;0;0;16;16;0;0;0;16;16;0;0;0;0;0;0;0;0;0;0;0;0
2025;Sudeste;3;São Paulo;SP;35;Cubatão;3513504;São Paulo;3501;Santos;350002;Cubatão;351350405;;;MARTA MAGALI DA SILVA MADEIRA PROFA UME;35235027;1;3;;1;0;0;;17;17;17;0;0;0;0;0;0;0;0;0;0;0;0;0;0;0;0;0;0;0;0;0;0;0;0;0;0;0;0;0;0;0;0;0;0;0;0;0;0;0;0;0;0;0;0;0;0;0;0;0;0;0;0;0;0;0;0;0;0;0;0;0;0;0;0;7;7;0;16;1;0;11;1;5;0;0;0;0;7;4;3;2;1;0;17;0;0;0;2;15;15;0;8;0;0;7;17;0;0;0;17;2;0;0;0;0;0;0;0;0;0;1;0;0;0;1;0;0;1;0;0;0;0;0;0;0;0;15;0;0;0;0;0;0;0;0;0;0;0;0;0;0;0;0;0;0;0;0;0;0;0;0;0;0;0;0;0
2025;Sudeste;3;São Paulo;SP;35;Cubatão;3513504;São Paulo;3501;Santos;350002;Cubatão;351350405;;;JARDIM CASQUEIRO UNIDADE MUNICIPAL DE ENSINO;35235039;1;3;;1;0;0;;18;18;0;18;0;0;0;0;0;0;0;0;0;0;0;0;0;0;0;0;0;0;0;0;0;0;0;0;0;0;0;0;0;0;0;0;0;0;0;0;0;0;0;0;0;0;0;0;0;0;0;0;0;0;0;0;0;0;0;0;0;0;0;0;0;0;0;18;18;0;17;1;2;13;0;3;0;0;0;1;2;9;3;2;1;0;7;0;11;0;0;18;18;0;10;2;1;6;18;0;0;0;18;2;0;0;0;0;0;0;0;0;1;1;1;1;0;0;0;0;0;0;1;0;0;1;1;0;0;15;0;0;0;0;0;0;0;0;0;0;0;0;0;0;0;0;0;0;0;0;0;0;0;0;0;0;0;0;0
2025;Sudeste;3;São Paulo;SP;35;Cubatão;3513504;São Paulo;3501;Santos;350002;Cubatão;351350405;;;LUCY MONTORO UNIDADE MUNICIPAL DE ENSINO;35235040;1;3;;1;0;0;;6;6;6;0;0;0;0;0;0;0;0;0;0;0;0;0;0;0;0;0;0;0;0;0;0;0;0;0;0;0;0;0;0;0;0;0;0;0;0;0;0;0;0;0;0;0;0;0;0;0;0;0;0;0;0;0;0;0;0;0;0;0;0;0;0;0;0;3;3;0;6;0;0;4;0;2;0;0;0;0;0;2;1;2;1;0;6;0;0;0;0;6;6;0;3;0;0;3;6;0;0;0;6;1;0;0;0;0;0;6;0;0;0;0;0;0;0;0;0;0;0;0;0;0;0;0;0;0;1;5;0;0;0;0;0;0;0;0;0;0;0;0;0;0;0;0;0;0;0;0;0;0;0;0;0;0;0;0;0
2025;Sudeste;3;São Paulo;SP;35;Cubatão;3513504;São Paulo;3501;Santos;350002;Cubatão;351350405;;;NOSSA SENHORA DE FATIMA UNIDADE MUNICIPAL DE ENSINO;35235052;1;3;;1;0;0;;15;15;15;0;0;0;0;0;0;0;0;0;0;0;0;0;0;0;0;0;0;0;0;0;0;0;0;0;0;0;0;0;0;0;0;0;0;0;0;0;0;0;0;0;0;0;0;0;0;0;0;0;0;0;0;0;0;0;0;0;0;0;0;0;0;0;0;9;9;0;14;1;1;10;0;4;0;0;0;0;0;9;5;1;0;0;15;0;0;0;0;15;15;0;8;0;0;7;15;0;0;0;15;3;0;0;0;0;0;1;0;0;0;1;0;0;0;0;0;0;0;0;0;0;0;0;0;0;1;13;0;0;0;0;0;0;0;0;0;0;0;0;0;0;0;0;0;0;0;0;0;0;0;0;0;0;0;0;0
2025;Sudeste;3;São Paulo;SP;35;Cubatão;3513504;São Paulo;3501;Santos;350002;Cubatão;351350405;;;SOFIA ZARZUR UNIDADE MUNICIPAL DE ENSINO;35235076;1;3;;1;0;0;;16;16;16;0;0;0;0;0;0;0;0;0;0;0;0;0;0;0;0;0;0;0;0;0;0;0;0;0;0;0;0;0;0;0;0;0;0;0;0;0;0;0;0;0;0;0;0;0;0;0;0;0;0;0;0;0;0;0;0;0;0;0;0;0;0;0;0;0;0;0;16;0;3;7;0;6;0;0;0;1;3;7;3;2;0;0;16;0;0;0;1;15;15;0;3;0;0;12;16;0;0;0;16;2;0;0;0;0;0;0;0;0;0;0;0;0;0;1;0;0;0;1;1;0;0;0;0;0;2;13;0;0;0;0;0;0;0;0;0;0;0;0;0;0;0;0;0;0;0;0;0;0;0;0;0;0;0;0;0
2025;Sudeste;3;São Paulo;SP;35;Cubatão;3513504;São Paulo;3501;Santos;350002;Cubatão;351350405;;;VILA SAO JOSE UNIDADE MUNICIPAL DE ENSINO;35235748;1;3;;1;0;0;;20;20;20;0;0;0;0;0;0;0;0;0;0;0;0;0;0;0;0;0;0;0;0;0;0;0;0;0;0;0;0;0;0;0;0;0;0;0;0;0;0;0;0;0;0;0;0;0;0;0;0;0;0;0;0;0;0;0;0;0;0;0;0;0;0;0;0;5;5;0;20;0;0;10;2;8;0;0;0;0;3;8;4;4;1;0;20;0;0;0;0;20;20;0;12;0;0;8;20;0;0;0;20;3;0;0;0;0;0;0;0;0;0;0;0;0;0;1;0;0;0;0;0;0;0;0;0;0;3;17;0;0;0;0;0;0;0;0;0;0;0;0;0;0;0;0;0;0;0;0;0;0;0;0;0;0;0;0;0
2025;Sudeste;3;São Paulo;SP;35;Cubatão;3513504;São Paulo;3501;Santos;350002;Cubatão;351350405;;;ULYSSES GUIMARAES UNIDADE MUNICIPAL DE ENSINO;35243279;1;3;;1;0;0;;42;0;0;0;42;0;0;0;0;0;0;0;42;22;18;22;15;0;0;0;0;0;0;0;0;0;0;0;0;0;0;0;0;0;0;0;0;0;0;0;0;0;0;0;0;0;0;0;0;0;0;0;0;0;0;0;0;0;0;0;0;0;0;0;0;0;0;41;41;0;26;16;0;24;8;10;0;0;1;2;3;18;5;7;6;0;42;0;0;0;0;42;42;0;20;2;0;20;42;0;0;0;42;0;0;0;0;0;0;0;0;0;0;1;2;2;2;2;0;0;0;1;0;0;0;1;1;1;1;37;10;3;3;6;0;0;0;0;0;0;9;6;0;0;0;5;4;0;0;0;0;0;2;0;0;0;0;10;0
2025;Sudeste;3;São Paulo;SP;35;Cubatão;3513504;São Paulo;3501;Santos;350002;Cubatão;351350405;;;POLITECNICA DE CUBATAO CIEN ESCOLA;35250961;2;4;1;1;0;0;;17;0;0;0;0;0;0;0;0;0;0;0;0;0;0;0;0;0;0;0;0;0;0;0;0;0;0;0;0;0;0;0;0;0;0;0;0;0;0;0;0;0;0;0;0;0;0;0;17;17;17;4;7;0;0;0;0;0;0;0;0;0;0;0;0;0;0;0;0;0;9;8;0;10;3;4;0;0;0;2;4;7;2;0;2;0;0;0;17;0;2;15;13;2;1;0;0;14;0;0;0;0;17;0;0;0;0;0;0;0;0;0;0;0;0;0;0;0;0;0;0;0;0;0;0;0;0;0;1;16;0;0;0;0;0;0;0;0;0;0;0;0;0;0;0;0;0;0;0;0;0;0;0;15;4;0;0;0;0
2025;Sudeste;3;São Paulo;SP;35;Cubatão;3513504;São Paulo;3501;Santos;350002;Cubatão;351350405;;;IVANILDO REBOUCAS DA SILVA ESCOLA TECNICA DE MUSICA E DANCA;35257000;1;3;;1;0;0;;17;0;0;0;0;0;0;0;0;0;0;0;0;0;0;0;0;0;0;0;0;0;0;0;0;0;0;0;0;0;0;0;0;0;0;0;0;0;0;0;0;0;0;0;0;0;0;0;17;17;0;6;14;0;0;0;0;0;0;0;0;0;0;0;0;0;0;7;7;0;4;13;3;10;2;2;0;0;0;0;1;7;4;3;2;0;1;0;16;0;0;17;17;0;4;2;0;11;12;5;0;0;17;0;0;0;0;0;0;0;0;0;0;0;0;0;0;0;0;0;1;0;0;0;0;0;0;0;1;15;0;0;0;0;0;0;0;0;0;0;0;0;0;0;0;0;0;0;0;0;0;0;0;17;0;0;0;0;0
2025;Sudeste;3;São Paulo;SP;35;Cubatão;3513504;São Paulo;3501;Santos;350002;Cubatão;351350405;;;USINA HENRY BORDEN UNIDADE MUNICIPAL DE ENSINO;35273922;1;3;;1;0;0;;27;0;0;0;27;15;0;6;6;6;7;0;15;11;11;12;12;0;0;0;0;0;0;0;0;0;0;0;0;0;0;0;0;0;0;0;0;0;0;0;0;0;0;0;0;0;0;0;0;0;0;0;0;0;0;0;0;0;0;0;0;0;0;0;0;0;0;23;23;0;20;7;0;22;2;3;0;0;0;3;11;5;3;4;1;0;27;0;0;0;0;27;27;0;7;4;1;16;27;0;0;0;27;0;0;0;0;0;0;0;0;0;0;1;0;1;0;0;0;0;0;0;0;0;0;0;1;0;6;20;13;2;2;1;0;0;0;0;0;0;13;12;0;0;0;12;12;0;0;0;0;0;1;0;0;0;0;10;0
2025;Sudeste;3;São Paulo;SP;35;Cubatão;3513504;São Paulo;3501;Santos;350002;Cubatão;351350405;;;ABC MASTER ESCOLA DE ENSINO FUNDAMENTAL;35286138;2;4;1;1;0;0;;19;0;0;0;16;9;0;5;5;6;6;0;9;9;9;9;9;0;0;12;12;12;12;0;0;12;12;12;12;0;0;0;0;0;0;0;0;0;0;0;0;0;0;0;0;0;0;0;0;0;0;0;0;0;0;0;0;0;0;0;0;0;0;0;0;0;0;9;9;0;10;9;0;11;0;7;1;0;3;4;4;7;1;0;0;0;4;0;15;0;3;16;16;0;2;0;0;14;0;0;0;0;19;0;0;0;0;0;0;0;0;1;1;2;2;2;0;0;0;0;0;0;0;0;0;0;0;0;1;16;6;2;6;2;0;0;0;0;0;0;6;5;1;1;1;5;5;1;2;0;1;0;0;0;0;0;0;13;0
2025;Sudeste;3;São Paulo;SP;35;Cubatão;3513504;São Paulo;3501;Santos;350002;Cubatão;351350405;;;LUIZA CORTEZ DA SILVA UNIDADE MUNICIPAL DE ENSINO;35286761;1;3;;1;0;0;;20;20;20;0;0;0;0;0;0;0;0;0;0;0;0;0;0;0;0;0;0;0;0;0;0;0;0;0;0;0;0;0;0;0;0;0;0;0;0;0;0;0;0;0;0;0;0;0;0;0;0;0;0;0;0;0;0;0;0;0;0;0;0;0;0;0;0;6;6;0;20;0;3;6;1;10;0;0;0;1;3;10;5;1;0;0;20;0;0;0;1;19;19;0;11;0;0;8;20;0;0;0;20;5;0;0;0;0;0;0;0;1;1;1;0;0;0;0;0;0;0;0;0;0;0;0;0;0;0;18;0;0;0;0;0;0;0;0;0;0;0;0;0;0;0;0;0;0;0;0;0;0;0;0;0;0;0;0;0
2025;Sudeste;3;São Paulo;SP;35;Cubatão;3513504;São Paulo;3501;Santos;350002;Cubatão;351350405;;;INTEGRADO EVOLUCAO COLEGIO;35287027;2;4;1;1;0;0;;25;6;4;2;18;7;0;5;4;4;4;0;14;8;9;9;11;0;0;14;0;13;12;0;0;14;0;13;12;0;0;0;0;0;0;0;0;0;0;0;0;0;0;0;0;0;0;0;0;0;0;0;0;0;0;0;0;0;0;0;0;0;0;0;0;0;0;16;16;0;15;10;2;10;3;8;2;0;1;5;10;8;0;1;0;0;25;0;0;0;1;24;23;1;3;0;0;21;0;0;0;0;25;0;0;0;0;0;0;0;0;1;2;2;0;1;0;0;0;0;0;0;0;0;0;0;0;0;0;22;7;2;2;2;0;0;0;0;0;0;6;6;1;1;1;6;5;1;1;0;1;0;0;0;0;0;0;11;0
2025;Sudeste;3;São Paulo;SP;35;Cubatão;3513504;São Paulo;3501;Santos;350002;Cubatão;351350405;;;MARIA ROSA DA CRUZ MALTEZ DA GUARDA UME;35290786;1;3;;1;0;0;;13;13;13;0;0;0;0;0;0;0;0;0;0;0;0;0;0;0;0;0;0;0;0;0;0;0;0;0;0;0;0;0;0;0;0;0;0;0;0;0;0;0;0;0;0;0;0;0;0;0;0;0;0;0;0;0;0;0;0;0;0;0;0;0;0;0;0;4;4;0;13;0;1;7;1;4;0;0;2;1;4;4;2;0;0;0;13;0;0;0;1;12;12;0;1;0;0;11;13;0;0;0;13;6;0;0;0;0;0;0;0;0;0;0;0;0;0;1;0;0;0;0;0;0;0;0;0;0;0;12;0;0;0;0;0;0;0;0;0;0;0;0;0;0;0;0;0;0;0;0;0;0;0;0;0;0;0;0;0
2025;Sudeste;3;São Paulo;SP;35;Cubatão;3513504;São Paulo;3501;Santos;350002;Cubatão;351350405;;;CELITA TERTULIANO SAMPAIO REIS PROFA UME;35290798;1;3;;1;0;0;;13;13;13;0;0;0;0;0;0;0;0;0;0;0;0;0;0;0;0;0;0;0;0;0;0;0;0;0;0;0;0;0;0;0;0;0;0;0;0;0;0;0;0;0;0;0;0;0;0;0;0;0;0;0;0;0;0;0;0;0;0;0;0;0;0;0;0;10;10;0;13;0;0;7;3;3;0;0;0;0;4;3;3;2;1;0;13;0;0;0;2;11;11;0;8;0;0;3;13;0;0;0;13;4;0;0;0;0;0;0;0;0;0;1;0;0;0;1;0;0;1;0;0;0;0;0;0;0;1;11;0;0;0;0;0;0;0;0;0;0;0;0;0;0;0;0;0;0;0;0;0;0;0;0;0;0;0;0;0
2025;Sudeste;3;São Paulo;SP;35;Cubatão;3513504;São Paulo;3501;Santos;350002;Cubatão;351350405;;;ABC ESCOLA DE EDUCACAO INFANTIL;35295197;2;4;1;1;0;0;;10;10;7;4;0;0;0;0;0;0;0;0;0;0;0;0;0;0;0;0;0;0;0;0;0;0;0;0;0;0;0;0;0;0;0;0;0;0;0;0;0;0;0;0;0;0;0;0;0;0;0;0;0;0;0;0;0;0;0;0;0;0;0;0;0;0;0;0;0;0;10;0;0;3;0;5;2;0;0;2;5;2;0;0;1;0;10;0;0;0;1;9;9;0;2;0;0;7;0;0;0;0;10;0;0;0;0;0;0;0;0;0;0;0;0;0;0;0;0;0;0;0;0;0;0;0;0;0;0;10;0;0;0;0;0;0;0;0;0;0;0;0;0;0;0;0;0;0;0;0;0;0;0;0;0;0;0;0;0
2025;Sudeste;3;São Paulo;SP;35;Cubatão;3513504;São Paulo;3501;Santos;350002;Cubatão;351350405;;;DOMINGOS PUCCIARIELLO VEREADOR UNIDADE MUNICIPAL DE ENSINO;35301401;1;3;;1;0;0;;18;18;18;0;0;0;0;0;0;0;0;0;0;0;0;0;0;0;0;0;0;0;0;0;0;0;0;0;0;0;0;0;0;0;0;0;0;0;0;0;0;0;0;0;0;0;0;0;0;0;0;0;0;0;0;0;0;0;0;0;0;0;0;0;0;0;0;9;9;0;17;1;1;12;1;4;0;0;0;1;6;9;2;0;0;0;2;0;16;0;0;18;18;0;8;0;0;10;18;0;0;0;18;0;0;0;0;0;0;0;0;0;1;0;1;0;0;2;0;0;0;0;0;0;0;0;0;0;1;14;0;0;0;0;0;0;0;0;0;0;0;0;0;0;0;0;0;0;0;0;0;0;0;0;0;0;0;0;0
2025;Sudeste;3;São Paulo;SP;35;Cubatão;3513504;São Paulo;3501;Santos;350002;Cubatão;351350405;;;UNIDADE DE ENSINO OBJETIVO CUBATAO;35331041;2;4;1;1;0;0;;18;4;2;2;14;6;2;2;2;3;3;0;11;11;10;9;11;0;0;0;0;0;0;0;0;0;0;0;0;0;0;0;0;0;0;0;0;0;0;0;0;0;0;0;0;0;0;0;0;0;0;0;0;0;0;0;0;0;0;0;0;0;0;0;0;0;0;12;12;0;14;4;1;13;1;3;0;0;0;5;6;1;4;1;1;0;1;0;17;0;1;17;17;0;3;0;0;14;0;0;0;0;18;0;0;0;0;0;0;0;0;0;0;0;1;1;0;1;0;0;0;0;0;0;0;0;0;0;0;16;7;1;5;1;0;0;0;0;0;0;7;6;0;0;0;6;6;0;0;0;0;1;0;0;0;0;0;1;0
2025;Sudeste;3;São Paulo;SP;35;Cubatão;3513504;São Paulo;3501;Santos;350002;Cubatão;351350405;;;MARIA ALBERTINA PINHEIRO SILVA MESQUITA NENE NEM;35368945;1;3;;1;0;0;;26;0;0;0;26;26;9;7;10;14;7;0;0;0;0;0;0;0;0;0;0;0;0;0;0;0;0;0;0;0;0;0;0;0;0;0;0;0;0;0;0;0;0;0;0;0;0;0;0;0;0;0;0;0;0;0;0;0;0;0;0;0;0;0;0;0;0;22;22;0;21;5;1;15;1;9;0;0;1;1;3;11;4;2;4;1;23;0;3;0;0;26;26;0;18;2;0;7;26;1;0;0;26;2;0;0;0;0;0;1;0;1;1;3;0;0;0;2;0;0;0;0;0;0;0;0;0;0;0;22;18;2;3;2;0;0;0;0;0;0;18;18;0;0;0;18;18;0;0;0;0;0;0;0;0;0;0;19;0
2025;Sudeste;3;São Paulo;SP;35;Cubatão;3513504;São Paulo;3501;Santos;350002;Cubatão;351350405;;;ETEC DE CUBATAO;35390896;1;2;;1;0;0;;51;0;0;0;0;0;0;0;0;0;0;0;0;0;0;0;0;0;0;39;19;16;7;0;0;0;0;0;0;0;0;22;19;16;7;0;0;0;0;0;0;0;0;0;0;0;0;0;51;51;0;0;28;29;0;0;0;0;0;0;0;0;0;0;0;0;0;43;32;0;21;30;4;35;2;9;0;1;1;2;15;17;7;7;2;1;51;0;0;0;1;50;46;4;14;3;2;34;0;0;0;51;51;0;0;0;0;0;0;0;0;0;1;0;0;0;0;0;0;0;0;0;0;0;0;0;0;0;3;47;2;1;1;1;0;0;0;0;0;0;3;0;2;2;4;4;3;1;2;0;1;0;0;28;0;0;0;0;0
2025;Sudeste;3;São Paulo;SP;35;Cubatão;3513504;São Paulo;3501;Santos;350002;Cubatão;351350405;;;PASSOS MAGICOS EDUCACAO INFANTIL;35402898;2;4;1;1;0;0;;1;1;0;1;0;0;0;0;0;0;0;0;0;0;0;0;0;0;0;0;0;0;0;0;0;0;0;0;0;0;0;0;0;0;0;0;0;0;0;0;0;0;0;0;0;0;0;0;0;0;0;0;0;0;0;0;0;0;0;0;0;0;0;0;0;0;0;0;0;0;1;0;0;1;0;0;0;0;0;0;1;0;0;0;0;0;0;0;1;0;0;1;1;0;0;0;0;1;0;0;0;0;1;0;0;0;0;0;0;0;0;0;0;0;0;0;0;0;0;0;0;0;0;0;0;0;0;0;0;1;0;0;0;0;0;0;0;0;0;0;0;0;0;0;0;0;0;0;0;0;0;0;0;0;0;0;0;0;0
2025;Sudeste;3;São Paulo;SP;35;Cubatão;3513504;São Paulo;3501;Santos;350002;Cubatão;351350405;;;NOVOS TEMPOS NOVO MUNDO ESCOLA DE EDUCACAO INFANTIL;35432957;2;4;2;1;0;1;1;5;5;5;0;0;0;0;0;0;0;0;0;0;0;0;0;0;0;0;0;0;0;0;0;0;0;0;0;0;0;0;0;0;0;0;0;0;0;0;0;0;0;0;0;0;0;0;0;0;0;0;0;0;0;0;0;0;0;0;0;0;0;0;0;0;0;0;2;2;0;5;0;3;1;0;1;0;0;0;0;0;4;1;0;0;0;0;0;5;0;1;4;4;0;2;0;0;2;0;0;0;0;5;5;0;0;0;0;0;0;0;1;1;1;0;0;0;1;0;0;0;0;0;0;0;0;0;0;0;4;0;0;0;0;0;0;0;0;0;0;0;0;0;0;0;0;0;0;0;0;0;0;0;0;0;0;0;0;0
2025;Sudeste;3;São Paulo;SP;35;Cubatão;3513504;São Paulo;3501;Santos;350002;Cubatão;351350405;;;MARIA LIBERATA VO BIA UNIDADE MUNICIPAL DE EDUCACAO;35440700;1;3;;1;0;0;;12;12;12;0;0;0;0;0;0;0;0;0;0;0;0;0;0;0;0;0;0;0;0;0;0;0;0;0;0;0;0;0;0;0;0;0;0;0;0;0;0;0;0;0;0;0;0;0;0;0;0;0;0;0;0;0;0;0;0;0;0;0;0;0;0;0;0;0;0;0;11;1;0;5;2;4;1;0;0;0;2;5;3;0;2;0;12;0;0;0;0;12;12;0;6;0;0;6;12;0;0;0;12;0;0;0;0;0;0;0;0;0;0;1;1;0;0;0;0;0;0;0;0;0;0;0;0;0;0;11;0;0;0;0;0;0;0;0;0;0;0;0;0;0;0;0;0;0;0;0;0;0;0;0;0;0;0;0;0
2025;Sudeste;3;São Paulo;SP;35;Cubatão;3513504;São Paulo;3501;Santos;350002;Cubatão;351350405;;;CARROSSEL - NEI;35445368;2;4;2;1;0;1;1;7;7;7;0;0;0;0;0;0;0;0;0;0;0;0;0;0;0;0;0;0;0;0;0;0;0;0;0;0;0;0;0;0;0;0;0;0;0;0;0;0;0;0;0;0;0;0;0;0;0;0;0;0;0;0;0;0;0;0;0;0;0;0;0;0;0;0;1;1;0;7;0;1;0;1;5;0;0;0;2;0;5;0;0;0;0;3;0;4;0;1;6;5;1;0;0;0;6;0;0;0;0;7;0;0;0;0;0;0;0;0;0;0;0;0;0;0;0;0;0;0;0;0;0;0;0;0;0;0;7;0;0;0;0;0;0;0;0;0;0;0;0;0;0;0;0;0;0;0;0;0;0;0;0;0;0;0;0;0
2025;Sudeste;3;São Paulo;SP;35;Cubatão;3513504;São Paulo;3501;Santos;350002;Cubatão;351350405;;;JAYME JOAO OLCESE UNIDADE MUNICIPAL DE ENSINO;35456385;1;3;;1;0;0;;28;0;0;0;28;28;12;7;9;8;9;0;0;0;0;0;0;0;0;0;0;0;0;0;0;0;0;0;0;0;0;0;0;0;0;0;0;0;0;0;0;0;0;0;0;0;0;0;0;0;0;0;0;0;0;0;0;0;0;0;0;0;0;0;0;0;0;28;28;0;22;6;1;16;0;11;0;0;0;2;6;9;5;4;2;0;28;0;0;0;0;28;28;0;19;1;0;9;28;0;0;0;28;0;0;0;0;0;0;2;0;0;0;1;2;1;0;1;0;0;1;0;0;0;0;0;0;0;1;25;10;5;3;2;0;0;0;0;0;0;10;10;0;0;0;10;10;0;0;0;0;0;0;0;0;0;0;10;0
2025;Sudeste;3;São Paulo;SP;35;Cubatão;3513504;São Paulo;3501;Santos;350002;Cubatão;351350405;;;CARROSSEL NUCLEO DE EDUCACAO INFANTIL;35460795;2;4;1;1;0;1;1;10;10;10;0;0;0;0;0;0;0;0;0;0;0;0;0;0;0;0;0;0;0;0;0;0;0;0;0;0;0;0;0;0;0;0;0;0;0;0;0;0;0;0;0;0;0;0;0;0;0;0;0;0;0;0;0;0;0;0;0;0;0;0;0;0;0;0;0;0;0;10;0;1;4;1;4;0;0;0;2;5;3;0;0;0;0;0;0;10;0;0;10;10;0;1;0;0;9;0;0;0;0;10;0;0;0;0;0;0;0;0;2;0;0;0;0;0;0;0;0;0;0;0;0;0;0;0;0;0;8;0;0;0;0;0;0;0;0;0;0;0;0;0;0;0;0;0;0;0;0;0;0;0;0;0;0;0;0;0
2025;Sudeste;3;São Paulo;SP;35;Cubatão;3513504;São Paulo;3501;Santos;350002;Cubatão;351350405;;;APARECIDA CARLOS ANTONIO VIDAL;35462664;1;2;;1;0;0;;23;0;0;0;23;23;6;6;7;7;7;0;0;0;0;0;0;0;0;0;0;0;0;0;0;0;0;0;0;0;0;0;0;0;0;0;0;0;0;0;0;0;0;0;0;0;0;0;0;0;0;0;0;0;0;0;0;0;0;0;0;0;0;0;0;0;0;20;20;0;22;1;0;15;1;6;1;0;0;0;3;5;9;3;3;1;10;0;13;0;0;23;23;1;6;0;0;17;13;10;0;0;23;0;0;1;0;0;0;11;0;0;0;1;0;0;0;1;0;0;0;1;0;0;0;1;1;0;3;19;17;0;2;2;0;0;0;0;0;0;17;17;0;0;0;17;17;0;0;0;0;0;0;0;0;0;0;17;0
2025;Sudeste;3;São Paulo;SP;35;Cubatão;3513504;São Paulo;3501;Santos;350002;Cubatão;351350405;;;MARIA DO ROSARIO LOPES FRANCO PROFESSORA UME;35466414;1;3;;1;0;0;;28;0;0;0;28;28;9;9;8;8;10;0;0;0;0;0;0;0;0;0;0;0;0;0;0;0;0;0;0;0;0;0;0;0;0;0;0;0;0;0;0;0;0;0;0;0;0;0;0;0;0;0;0;0;0;0;0;0;0;0;0;0;0;0;0;0;0;27;27;0;23;5;2;18;3;5;0;0;0;2;5;12;4;2;3;0;28;0;0;0;0;28;28;0;16;0;0;12;28;0;0;0;28;0;0;0;0;0;0;0;0;0;1;1;0;0;0;0;0;0;0;0;0;0;0;0;0;0;0;26;21;3;4;0;0;0;0;0;0;0;21;21;0;0;0;21;21;0;0;0;0;0;0;0;0;0;0;0;0
2025;Sudeste;3;São Paulo;SP;35;Cubatão;3513504;São Paulo;3501;Santos;350002;Cubatão;351350405;;;MARTA JOSETE RAMOS IMPALEA PROFA CEU UNIDADE I;35468514;1;3;;1;0;0;;18;18;18;0;0;0;0;0;0;0;0;0;0;0;0;0;0;0;0;0;0;0;0;0;0;0;0;0;0;0;0;0;0;0;0;0;0;0;0;0;0;0;0;0;0;0;0;0;0;0;0;0;0;0;0;0;0;0;0;0;0;0;0;0;0;0;0;7;7;0;18;0;0;7;3;8;0;0;1;2;3;6;4;2;0;0;5;0;13;0;1;17;17;0;8;0;0;9;18;0;0;0;18;2;0;0;0;0;0;0;0;0;0;0;0;0;0;0;0;0;0;0;0;0;0;0;0;0;0;18;0;0;0;0;0;0;0;0;0;0;0;0;0;0;0;0;0;0;0;0;0;0;0;0;0;0;0;0;0
2025;Sudeste;3;São Paulo;SP;35;Cubatão;3513504;São Paulo;3501;Santos;350002;Cubatão;351350405;;;PARQUE DOS SONHOS 9A;35474859;1;2;;1;0;0;;35;0;0;0;35;17;8;10;12;10;10;0;18;13;12;14;14;0;0;0;0;0;0;0;0;0;0;0;0;0;0;0;0;0;0;0;0;0;0;0;0;0;0;0;0;0;0;0;0;0;0;0;0;0;0;0;0;0;0;0;0;0;0;0;0;0;0;33;33;0;29;6;0;18;5;12;0;0;3;6;9;3;2;10;2;0;35;0;0;0;1;34;34;0;9;1;1;24;11;24;0;0;35;0;0;0;0;0;0;3;0;1;0;1;0;0;0;3;0;0;0;0;0;0;0;0;0;0;1;29;11;2;3;3;0;0;0;0;0;0;15;11;0;0;0;11;4;0;0;0;0;1;0;0;0;0;0;31;0
2025;Sudeste;3;São Paulo;SP;35;Cubatão;3513504;São Paulo;3501;Santos;350002;Cubatão;351350405;;;WALDOMIRO MARIANI PROFESSOR;35474873;1;2;;1;0;0;;33;0;0;0;21;0;0;0;0;0;0;0;21;12;12;12;10;0;0;26;16;16;15;0;0;26;16;15;14;0;0;10;0;8;5;0;0;0;0;0;0;0;0;0;0;0;0;0;10;10;0;0;0;0;0;0;0;11;0;0;0;0;0;11;11;0;0;31;31;0;26;7;0;24;4;5;0;0;1;4;6;13;3;1;5;1;5;0;28;0;1;32;29;3;5;0;0;27;5;28;0;0;33;0;0;1;0;0;0;0;0;0;0;0;0;0;0;0;0;0;0;0;0;0;0;0;0;0;2;31;6;0;1;3;0;0;0;0;0;0;5;2;2;2;4;6;4;4;5;0;4;3;0;0;0;0;0;20;0
2025;Sudeste;3;São Paulo;SP;35;Cubatão;3513504;São Paulo;3501;Santos;350002;Cubatão;351350405;;;ANA LUIZA VICTOR DO COUTO UNIDADE MUNICIPAL DE ENSINO;35480678;1;3;;1;0;0;;15;15;11;4;0;0;0;0;0;0;0;0;0;0;0;0;0;0;0;0;0;0;0;0;0;0;0;0;0;0;0;0;0;0;0;0;0;0;0;0;0;0;0;0;0;0;0;0;0;0;0;0;0;0;0;0;0;0;0;0;0;0;0;0;0;0;0;4;4;0;15;0;2;4;2;7;0;0;0;0;1;12;1;0;1;0;15;0;0;0;0;15;14;1;8;0;0;7;15;0;0;0;15;8;0;0;0;0;0;0;0;0;0;0;0;0;0;0;0;0;0;0;0;0;0;0;0;0;2;13;0;0;0;0;0;0;0;0;0;0;0;0;0;0;0;0;0;0;0;0;0;0;0;0;0;0;0;0;0
2025;Sudeste;3;São Paulo;SP;35;Cubatão;3513504;São Paulo;3501;Santos;350002;Cubatão;351350405;;;BALAO MAGICO CENTRO DE EDUCACAO;35499894;2;4;1;1;0;1;1;5;5;4;1;0;0;0;0;0;0;0;0;0;0;0;0;0;0;0;0;0;0;0;0;0;0;0;0;0;0;0;0;0;0;0;0;0;0;0;0;0;0;0;0;0;0;0;0;0;0;0;0;0;0;0;0;0;0;0;0;0;0;0;0;0;0;0;3;3;0;5;0;0;4;0;1;0;0;0;1;0;4;0;0;0;0;1;0;4;0;0;5;5;0;1;0;0;4;0;0;0;0;5;0;0;0;0;0;0;0;0;0;0;0;0;0;0;0;0;0;0;0;0;0;0;0;0;0;0;5;0;0;0;0;0;0;0;0;0;0;0;0;0;0;0;0;0;0;0;0;0;0;0;0;0;0;0;0;0
2025;Sudeste;3;São Paulo;SP;35;Cubatão;3513504;São Paulo;3501;Santos;350002;Cubatão;351350405;;;ESCOLA DE EDUCACAO INFANTIL UNIVERSO COLORIDO;35577182;2;4;1;1;0;0;;1;1;0;1;0;0;0;0;0;0;0;0;0;0;0;0;0;0;0;0;0;0;0;0;0;0;0;0;0;0;0;0;0;0;0;0;0;0;0;0;0;0;0;0;0;0;0;0;0;0;0;0;0;0;0;0;0;0;0;0;0;0;0;0;0;0;0;0;0;0;1;0;0;1;0;0;0;0;0;0;0;1;0;0;0;0;0;0;1;0;0;1;1;0;0;0;0;1;0;0;0;0;1;0;0;0;0;0;0;0;0;0;0;0;0;0;0;0;0;0;0;0;0;0;0;0;0;0;0;1;0;0;0;0;0;0;0;0;0;0;0;0;0;0;0;0;0;0;0;0;0;0;0;0;0;0;0;0;0
2025;Sudeste;3;São Paulo;SP;35;Cubatão;3513504;São Paulo;3501;Santos;350002;Cubatão;351350405;;;ESCOLA UNIVERSO COLORIDO PREMIUM;35585099;2;4;1;1;0;0;;10;0;0;0;10;8;4;3;3;3;3;0;5;5;0;0;0;0;0;0;0;0;0;0;0;0;0;0;0;0;0;0;0;0;0;0;0;0;0;0;0;0;0;0;0;0;0;0;0;0;0;0;0;0;0;0;0;0;0;0;0;0;0;0;0;0;0;8;8;0;9;1;0;3;1;6;0;0;0;1;3;6;0;0;0;0;2;0;8;0;0;10;9;1;3;0;0;7;0;0;0;0;10;0;0;0;0;0;0;0;0;0;0;0;0;0;0;0;0;0;0;0;0;0;0;0;0;0;0;10;6;1;7;1;0;0;0;0;0;0;7;6;0;0;0;6;6;0;6;0;0;0;0;0;0;0;0;0;0
2025;Sudeste;3;São Paulo;SP;35;Cubatão;3513504;São Paulo;3501;Santos;350002;Cubatão;351350405;;;IFSP - CAMPUS CUBATAO;35923242;1;1;;1;0;0;;63;0;0;0;0;0;0;0;0;0;0;0;0;0;0;0;0;0;0;44;18;22;24;24;0;0;0;0;0;0;0;44;18;22;24;24;0;0;0;0;0;0;0;0;0;0;0;0;63;57;0;7;16;0;15;0;0;15;0;0;0;0;0;15;0;15;0;59;59;0;19;44;19;35;1;8;0;0;0;1;14;15;7;13;13;0;60;0;3;0;0;63;29;34;20;38;28;6;53;10;0;0;63;0;0;0;0;0;0;0;0;0;0;0;2;3;1;0;0;0;1;0;0;0;0;0;0;0;5;55;6;1;1;3;1;0;0;0;0;0;5;0;3;3;2;3;3;2;2;0;2;9;0;20;0;0;0;13;0
